Workbook

Sheet 1 в день
A2: 7 | E2: =IF(AJ2=0,0,(E12*AJ12 + E21*AJ21 + E30*AJ30 + E39*AJ39 + E48*AJ48 + E57*AJ57 ) /AJ2 ) -> 0.94116611 | F2: Микроцикл | N2: 1 | AE2: =AE12+AE21+AE30+AE39+AE48+AE57 -> 15812.5 | AF2: =IFERROR(AE2/AJ2,0) -> 52.533223 | AG2: =IF(AJ2=0,0,(AG12*AJ12 + AG21*AJ21 + AG30*AJ30 + AG39*AJ39 + AG48*AJ48 + AG57*AJ57 ) /AJ2 ) -> 0.54341556 | AI2: =AI12+AI21+AI30+AI39+AI48+AI57 -> 15041.925 | AJ2: =AJ12+AJ21+AJ30+AJ39+AJ48+AJ57 -> 301 | AK2: =AK12+AK21+AK30+AK39+AK48+AK57 -> 0.25694444
A3: Дата | B3: Нагрузка | C3: Группа | D3: Упражнения | E3: Коэф | F3: Множ | G3: Вес | H3: Пов | I3: Под | J3: % | K3: Вес | L3: Пов | M3: Под | N3: % | O3: Вес | P3: Пов | Q3: Под | R3: % | S3: Вес | T3: Пов | U3: Под | V3: % | W3: Вес | X3: Пов | Y3: Под | Z3: % | AA3: Вес | AB3: Пов | AC3: Под | AD3: % | AE3: Тоннаж | AF3: Ср.вес | AG3: ОИ | AH3: ПМ | AI3: Инт.Ф+Б | AJ3: КПШ | AK3: Время | AL3: Комментарии
A4: =A5 -> 43780 | B4: Тяжелая | C4: ПР | D4: Присед | E4: 1.2 | G4: =IF(J4<>0, IFERROR(IF( $F4=2, MROUND($AH4*J4,1), IF( OR($F4="",$F4=1), MROUND($AH4*J4,2.5), MROUND($AH4*J4, 0.1))), "" ), "") -> 77.5 | H4: 4 | I4: 1 | J4: 0.57 | K4: =IF(N4<>0, IFERROR(IF( $F4=2, MROUND($AH4*N4,1), IF( OR($F4="",$F4=1), MROUND($AH4*N4,2.5), MROUND($AH4*N4, 0.1))), "" ), "") -> 87.5 | L4: 3 | M4: 3 | N4: 0.65 | O4: =IF(R4<>0, IFERROR(IF( $F4=2, MROUND($AH4*R4,1), IF( OR($F4="",$F4=1), MROUND($AH4*R4,2.5), MROUND($AH4*R4, 0.1))), "" ), "") -> 102.5 | P4: 2 | Q4: 3 | R4: 0.75 | S4: =IF(V4<>0, IFERROR(IF( $F4=2, MROUND($AH4*V4,1), IF( OR($F4="",$F4=1), MROUND($AH4*V4,2.5), MROUND($AH4*V4, 0.1))), "" ), "") | W4: =IF(Z4<>0, IFERROR(IF( $F4=2, MROUND($AH4*Z4,1), IF( OR($F4="",$F4=1), MROUND($AH4*Z4,2.5), MROUND($AH4*Z4, 0.1))), "" ), "") | AA4: =IF(AD4<>0, IFERROR(IF( $F4=2, MROUND($AH4*AD4,1), IF( OR($F4="",$F4=1), MROUND($AH4*AD4,2.5), MROUND($AH4*AD4, 0.1))), "" ), "") | AE4: =(IF(ISNUMBER(G4),G4,0)*H4*I4+IF(ISNUMBER(K4),K4,1)*L4*M4+IF(ISNUMBER(O4),O4,1)*P4*Q4+IF(ISNUMBER(S4),S4,1)*T4*U4+IF(ISNUMBER(W4),W4,1)*X4*Y4+IF(ISNUMBER(AA4),AA4,1)*AB4*AC4)*IF(ISNUMBER(F4),F4,1) -> 1712.5 | AF4: =IFERROR(AE4/AJ4,0) -> 90.131579 | AG4: =IFERROR((AF4/(AH4*IF(ISNUMBER(F4),F4,1))),0) -> 0.66764133 | AH4: 135 | AI4: =( IF(ISNUMBER(G4), VLOOKUP(G4/$AH4,F!$A1:$B101,2,1)*G4*$H4*$I4,0)+IF(ISNUMBER(K4), VLOOKUP(K4/$AH4,F!$A1:$B101,2,1)*K4*$L4*$M4,0)+IF(ISNUMBER(O4), VLOOKUP(O4/$AH4,F!$A1:$B101,2,1)*O4*$P4*$Q4,0)+IF(ISNUMBER(S4), VLOOKUP(S4/$AH4,F!$A1:$B101,2,1)*S4*$T4*$U4,0)+IF(ISNUMBER(W4), VLOOKUP(W4/$AH4,F!$A1:$B101,2,1)*W4*$X4*$Y4,0)+IF(ISNUMBER(AA4), VLOOKUP(AA4/$AH4,F!$A1:$B101,2,1)*AA4*$AB4*$AC4,0))*IF(ISNUMBER(F4),F4,1)*IF(ISNUMBER(E4),E4,1) -> 1853.34 | AJ4: =H4*I4+L4*M4+P4*Q4+T4*U4+X4*Y4+AB4*AC4 -> 19 | AK4: {=IFERROR(I4*INDEX(F!$P$21:$AB$33, MATCH(G4/$AH4, F!$O$21:$O$33,1), MATCH(E4, F!$P$20:$AB$20,1)), 0 ) +IFERROR( M4*INDEX(F!$P$21:$AB$33, MATCH(K4/$AH4, F!$O$21:$O$33,1), MATCH(E4, F!$P$20:$AB$20,1)),0) + IFERROR( Q4*INDEX(F!$P$21:$AB$33, MATCH(O4/$AH4, F!$O$21:$O$33,1), MATCH(E4, F!$P$20:$AB$20,1)), 0) + IFERROR( U4*INDEX(F!$P$21:$AB$33, MATCH(S4/$AH4, F!$O$21:$O$33,1), MATCH(E4, F!$P$20:$AB$20,1)),0) + IFERROR(Y4*INDEX(F!$P$21:$AB$33, MATCH(W4/$AH4, F!$O$21:$O$33,1), MATCH(E4, F!$P$20:$AB$20,1)),0) + IFERROR( AC4*INDEX(F!$P$21:$AB$33, MATCH(AA4/$AH4, F!$O$21:$O$33,1), MATCH(E4, F!$P$20:$AB$20,1)),)} -> 31
A5: 43780 | B5: Тяжелая | C5: ЖМ | D5: Жим лежа | E5: 1 | G5: =IF(J5<>0, IFERROR(IF( $F5=2, MROUND($AH5*J5,1), IF( OR($F5="",$F5=1), MROUND($AH5*J5,2.5), MROUND($AH5*J5, 0.1))), "" ), "") -> 57.5 | H5: 3 | I5: 1 | J5: 0.6 | K5: =IF(N5<>0, IFERROR(IF( $F5=2, MROUND($AH5*N5,1), IF( OR($F5="",$F5=1), MROUND($AH5*N5,2.5), MROUND($AH5*N5, 0.1))), "" ), "") -> 67.5 | L5: 2 | M5: 2 | N5: 0.7 | O5: =IF(R5<>0, IFERROR(IF( $F5=2, MROUND($AH5*R5,1), IF( OR($F5="",$F5=1), MROUND($AH5*R5,2.5), MROUND($AH5*R5, 0.1))), "" ), "") -> 75 | P5: 1 | Q5: 2 | R5: 0.78 | S5: =IF(V5<>0, IFERROR(IF( $F5=2, MROUND($AH5*V5,1), IF( OR($F5="",$F5=1), MROUND($AH5*V5,2.5), MROUND($AH5*V5, 0.1))), "" ), "") | W5: =IF(Z5<>0, IFERROR(IF( $F5=2, MROUND($AH5*Z5,1), IF( OR($F5="",$F5=1), MROUND($AH5*Z5,2.5), MROUND($AH5*Z5, 0.1))), "" ), "") | AA5: =IF(AD5<>0, IFERROR(IF( $F5=2, MROUND($AH5*AD5,1), IF( OR($F5="",$F5=1), MROUND($AH5*AD5,2.5), MROUND($AH5*AD5, 0.1))), "" ), "") | AE5: =(IF(ISNUMBER(G5),G5,0)*H5*I5+IF(ISNUMBER(K5),K5,1)*L5*M5+IF(ISNUMBER(O5),O5,1)*P5*Q5+IF(ISNUMBER(S5),S5,1)*T5*U5+IF(ISNUMBER(W5),W5,1)*X5*Y5+IF(ISNUMBER(AA5),AA5,1)*AB5*AC5)*IF(ISNUMBER(F5),F5,1) -> 592.5 | AF5: =IFERROR(AE5/AJ5,0) -> 65.833333 | AG5: =IFERROR((AF5/(AH5*IF(ISNUMBER(F5),F5,1))),0) -> 0.69298246 | AH5: 95 | AI5: =( IF(ISNUMBER(G5), VLOOKUP(G5/$AH5,F!$A1:$B101,2,1)*G5*$H5*$I5,0)+IF(ISNUMBER(K5), VLOOKUP(K5/$AH5,F!$A1:$B101,2,1)*K5*$L5*$M5,0)+IF(ISNUMBER(O5), VLOOKUP(O5/$AH5,F!$A1:$B101,2,1)*O5*$P5*$Q5,0)+IF(ISNUMBER(S5), VLOOKUP(S5/$AH5,F!$A1:$B101,2,1)*S5*$T5*$U5,0)+IF(ISNUMBER(W5), VLOOKUP(W5/$AH5,F!$A1:$B101,2,1)*W5*$X5*$Y5,0)+IF(ISNUMBER(AA5), VLOOKUP(AA5/$AH5,F!$A1:$B101,2,1)*AA5*$AB5*$AC5,0))*IF(ISNUMBER(F5),F5,1)*IF(ISNUMBER(E5),E5,1) -> 587.25 | AJ5: =H5*I5+L5*M5+P5*Q5+T5*U5+X5*Y5+AB5*AC5 -> 9 | AK5: {=IFERROR(I5*INDEX(F!$P$21:$AB$33, MATCH(G5/$AH5, F!$O$21:$O$33,1), MATCH(E5, F!$P$20:$AB$20,1)), 0 ) +IFERROR( M5*INDEX(F!$P$21:$AB$33, MATCH(K5/$AH5, F!$O$21:$O$33,1), MATCH(E5, F!$P$20:$AB$20,1)),0) + IFERROR( Q5*INDEX(F!$P$21:$AB$33, MATCH(O5/$AH5, F!$O$21:$O$33,1), MATCH(E5, F!$P$20:$AB$20,1)), 0) + IFERROR( U5*INDEX(F!$P$21:$AB$33, MATCH(S5/$AH5, F!$O$21:$O$33,1), MATCH(E5, F!$P$20:$AB$20,1)),0) + IFERROR(Y5*INDEX(F!$P$21:$AB$33, MATCH(W5/$AH5, F!$O$21:$O$33,1), MATCH(E5, F!$P$20:$AB$20,1)),0) + IFERROR( AC5*INDEX(F!$P$21:$AB$33, MATCH(AA5/$AH5, F!$O$21:$O$33,1), MATCH(E5, F!$P$20:$AB$20,1)),)} -> 19
B6: Тяжелая | C6: ПР | D6: Присед | E6: 1.2 | G6: =IF(J6<>0, IFERROR(IF( $F6=2, MROUND($AH6*J6,1), IF( OR($F6="",$F6=1), MROUND($AH6*J6,2.5), MROUND($AH6*J6, 0.1))), "" ), "") -> 80 | H6: 4 | I6: 1 | J6: 0.6 | K6: =IF(N6<>0, IFERROR(IF( $F6=2, MROUND($AH6*N6,1), IF( OR($F6="",$F6=1), MROUND($AH6*N6,2.5), MROUND($AH6*N6, 0.1))), "" ), "") -> 95 | L6: 4 | M6: 4 | N6: 0.7 | O6: =IF(R6<>0, IFERROR(IF( $F6=2, MROUND($AH6*R6,1), IF( OR($F6="",$F6=1), MROUND($AH6*R6,2.5), MROUND($AH6*R6, 0.1))), "" ), "") | S6: =IF(V6<>0, IFERROR(IF( $F6=2, MROUND($AH6*V6,1), IF( OR($F6="",$F6=1), MROUND($AH6*V6,2.5), MROUND($AH6*V6, 0.1))), "" ), "") | W6: =IF(Z6<>0, IFERROR(IF( $F6=2, MROUND($AH6*Z6,1), IF( OR($F6="",$F6=1), MROUND($AH6*Z6,2.5), MROUND($AH6*Z6, 0.1))), "" ), "") | AA6: =IF(AD6<>0, IFERROR(IF( $F6=2, MROUND($AH6*AD6,1), IF( OR($F6="",$F6=1), MROUND($AH6*AD6,2.5), MROUND($AH6*AD6, 0.1))), "" ), "") | AE6: =(IF(ISNUMBER(G6),G6,0)*H6*I6+IF(ISNUMBER(K6),K6,1)*L6*M6+IF(ISNUMBER(O6),O6,1)*P6*Q6+IF(ISNUMBER(S6),S6,1)*T6*U6+IF(ISNUMBER(W6),W6,1)*X6*Y6+IF(ISNUMBER(AA6),AA6,1)*AB6*AC6)*IF(ISNUMBER(F6),F6,1) -> 1840 | AF6: =IFERROR(AE6/AJ6,0) -> 92 | AG6: =IFERROR((AF6/(AH6*IF(ISNUMBER(F6),F6,1))),0) -> 0.68148148 | AH6: =AH4 -> 135 | AI6: =( IF(ISNUMBER(G6), VLOOKUP(G6/$AH6,F!$A1:$B101,2,1)*G6*$H6*$I6,0)+IF(ISNUMBER(K6), VLOOKUP(K6/$AH6,F!$A1:$B101,2,1)*K6*$L6*$M6,0)+IF(ISNUMBER(O6), VLOOKUP(O6/$AH6,F!$A1:$B101,2,1)*O6*$P6*$Q6,0)+IF(ISNUMBER(S6), VLOOKUP(S6/$AH6,F!$A1:$B101,2,1)*S6*$T6*$U6,0)+IF(ISNUMBER(W6), VLOOKUP(W6/$AH6,F!$A1:$B101,2,1)*W6*$X6*$Y6,0)+IF(ISNUMBER(AA6), VLOOKUP(AA6/$AH6,F!$A1:$B101,2,1)*AA6*$AB6*$AC6,0))*IF(ISNUMBER(F6),F6,1)*IF(ISNUMBER(E6),E6,1) -> 1902.72 | AJ6: =H6*I6+L6*M6+P6*Q6+T6*U6+X6*Y6+AB6*AC6 -> 20 | AK6: {=IFERROR(I6*INDEX(F!$P$21:$AB$33, MATCH(G6/$AH6, F!$O$21:$O$33,1), MATCH(E6, F!$P$20:$AB$20,1)), 0 ) +IFERROR( M6*INDEX(F!$P$21:$AB$33, MATCH(K6/$AH6, F!$O$21:$O$33,1), MATCH(E6, F!$P$20:$AB$20,1)),0) + IFERROR( Q6*INDEX(F!$P$21:$AB$33, MATCH(O6/$AH6, F!$O$21:$O$33,1), MATCH(E6, F!$P$20:$AB$20,1)), 0) + IFERROR( U6*INDEX(F!$P$21:$AB$33, MATCH(S6/$AH6, F!$O$21:$O$33,1), MATCH(E6, F!$P$20:$AB$20,1)),0) + IFERROR(Y6*INDEX(F!$P$21:$AB$33, MATCH(W6/$AH6, F!$O$21:$O$33,1), MATCH(E6, F!$P$20:$AB$20,1)),0) + IFERROR( AC6*INDEX(F!$P$21:$AB$33, MATCH(AA6/$AH6, F!$O$21:$O$33,1), MATCH(E6, F!$P$20:$AB$20,1)),)} -> 24
B7: Средняя | C7: ЖМ | D7: Жим гантелей | E7: 1 | F7: 2 | G7: =IF(J7<>0, IFERROR(IF( $F7=2, MROUND($AH7*J7,1), IF( OR($F7="",$F7=1), MROUND($AH7*J7,2.5), MROUND($AH7*J7, 0.1))), "" ), "") -> 20 | H7: 5 | I7: 5 | J7: 0.65 | K7: =IF(N7<>0, IFERROR(IF( $F7=2, MROUND($AH7*N7,1), IF( OR($F7="",$F7=1), MROUND($AH7*N7,2.5), MROUND($AH7*N7, 0.1))), "" ), "") | O7: =IF(R7<>0, IFERROR(IF( $F7=2, MROUND($AH7*R7,1), IF( OR($F7="",$F7=1), MROUND($AH7*R7,2.5), MROUND($AH7*R7, 0.1))), "" ), "") | S7: =IF(V7<>0, IFERROR(IF( $F7=2, MROUND($AH7*V7,1), IF( OR($F7="",$F7=1), MROUND($AH7*V7,2.5), MROUND($AH7*V7, 0.1))), "" ), "") | W7: =IF(Z7<>0, IFERROR(IF( $F7=2, MROUND($AH7*Z7,1), IF( OR($F7="",$F7=1), MROUND($AH7*Z7,2.5), MROUND($AH7*Z7, 0.1))), "" ), "") | AA7: =IF(AD7<>0, IFERROR(IF( $F7=2, MROUND($AH7*AD7,1), IF( OR($F7="",$F7=1), MROUND($AH7*AD7,2.5), MROUND($AH7*AD7, 0.1))), "" ), "") | AE7: =(IF(ISNUMBER(G7),G7,0)*H7*I7+IF(ISNUMBER(K7),K7,1)*L7*M7+IF(ISNUMBER(O7),O7,1)*P7*Q7+IF(ISNUMBER(S7),S7,1)*T7*U7+IF(ISNUMBER(W7),W7,1)*X7*Y7+IF(ISNUMBER(AA7),AA7,1)*AB7*AC7)*IF(ISNUMBER(F7),F7,1) -> 1000 | AF7: =IFERROR(AE7/AJ7,0) -> 40 | AG7: =IFERROR((AF7/(AH7*IF(ISNUMBER(F7),F7,1))),0) -> 0.65789474 | AH7: =AH5*0.32 -> 30.4 | AI7: =( IF(ISNUMBER(G7), VLOOKUP(G7/$AH7,F!$A1:$B101,2,1)*G7*$H7*$I7,0)+IF(ISNUMBER(K7), VLOOKUP(K7/$AH7,F!$A1:$B101,2,1)*K7*$L7*$M7,0)+IF(ISNUMBER(O7), VLOOKUP(O7/$AH7,F!$A1:$B101,2,1)*O7*$P7*$Q7,0)+IF(ISNUMBER(S7), VLOOKUP(S7/$AH7,F!$A1:$B101,2,1)*S7*$T7*$U7,0)+IF(ISNUMBER(W7), VLOOKUP(W7/$AH7,F!$A1:$B101,2,1)*W7*$X7*$Y7,0)+IF(ISNUMBER(AA7), VLOOKUP(AA7/$AH7,F!$A1:$B101,2,1)*AA7*$AB7*$AC7,0))*IF(ISNUMBER(F7),F7,1)*IF(ISNUMBER(E7),E7,1) -> 800 | AJ7: =H7*I7+L7*M7+P7*Q7+T7*U7+X7*Y7+AB7*AC7 -> 25 | AK7: {=IFERROR(I7*INDEX(F!$P$21:$AB$33, MATCH(G7/$AH7, F!$O$21:$O$33,1), MATCH(E7, F!$P$20:$AB$20,1)), 0 ) +IFERROR( M7*INDEX(F!$P$21:$AB$33, MATCH(K7/$AH7, F!$O$21:$O$33,1), MATCH(E7, F!$P$20:$AB$20,1)),0) + IFERROR( Q7*INDEX(F!$P$21:$AB$33, MATCH(O7/$AH7, F!$O$21:$O$33,1), MATCH(E7, F!$P$20:$AB$20,1)), 0) + IFERROR( U7*INDEX(F!$P$21:$AB$33, MATCH(S7/$AH7, F!$O$21:$O$33,1), MATCH(E7, F!$P$20:$AB$20,1)),0) + IFERROR(Y7*INDEX(F!$P$21:$AB$33, MATCH(W7/$AH7, F!$O$21:$O$33,1), MATCH(E7, F!$P$20:$AB$20,1)),0) + IFERROR( AC7*INDEX(F!$P$21:$AB$33, MATCH(AA7/$AH7, F!$O$21:$O$33,1), MATCH(E7, F!$P$20:$AB$20,1)),)} -> 15
B8: Легкая | C8: ОФП | D8: Французский жим | E8: 0.4 | G8: =IF(J8<>0, IFERROR(IF( $F8=2, MROUND($AH8*J8,1), IF( OR($F8="",$F8=1), MROUND($AH8*J8,2.5), MROUND($AH8*J8, 0.1))), "" ), "") -> 20 | H8: 5 | I8: 5 | J8: 0.45 | K8: =IF(N8<>0, IFERROR(IF( $F8=2, MROUND($AH8*N8,1), IF( OR($F8="",$F8=1), MROUND($AH8*N8,2.5), MROUND($AH8*N8, 0.1))), "" ), "") | O8: =IF(R8<>0, IFERROR(IF( $F8=2, MROUND($AH8*R8,1), IF( OR($F8="",$F8=1), MROUND($AH8*R8,2.5), MROUND($AH8*R8, 0.1))), "" ), "") | S8: =IF(V8<>0, IFERROR(IF( $F8=2, MROUND($AH8*V8,1), IF( OR($F8="",$F8=1), MROUND($AH8*V8,2.5), MROUND($AH8*V8, 0.1))), "" ), "") | W8: =IF(Z8<>0, IFERROR(IF( $F8=2, MROUND($AH8*Z8,1), IF( OR($F8="",$F8=1), MROUND($AH8*Z8,2.5), MROUND($AH8*Z8, 0.1))), "" ), "") | AA8: =IF(AD8<>0, IFERROR(IF( $F8=2, MROUND($AH8*AD8,1), IF( OR($F8="",$F8=1), MROUND($AH8*AD8,2.5), MROUND($AH8*AD8, 0.1))), "" ), "") | AE8: =(IF(ISNUMBER(G8),G8,0)*H8*I8+IF(ISNUMBER(K8),K8,1)*L8*M8+IF(ISNUMBER(O8),O8,1)*P8*Q8+IF(ISNUMBER(S8),S8,1)*T8*U8+IF(ISNUMBER(W8),W8,1)*X8*Y8+IF(ISNUMBER(AA8),AA8,1)*AB8*AC8)*IF(ISNUMBER(F8),F8,1) -> 500 | AF8: =IFERROR(AE8/AJ8,0) -> 20 | AG8: =IFERROR((AF8/(AH8*IF(ISNUMBER(F8),F8,1))),0) -> 0.4576659 | AH8: =AH5*0.46 -> 43.7 | AI8: =( IF(ISNUMBER(G8), VLOOKUP(G8/$AH8,F!$A1:$B101,2,1)*G8*$H8*$I8,0)+IF(ISNUMBER(K8), VLOOKUP(K8/$AH8,F!$A1:$B101,2,1)*K8*$L8*$M8,0)+IF(ISNUMBER(O8), VLOOKUP(O8/$AH8,F!$A1:$B101,2,1)*O8*$P8*$Q8,0)+IF(ISNUMBER(S8), VLOOKUP(S8/$AH8,F!$A1:$B101,2,1)*S8*$T8*$U8,0)+IF(ISNUMBER(W8), VLOOKUP(W8/$AH8,F!$A1:$B101,2,1)*W8*$X8*$Y8,0)+IF(ISNUMBER(AA8), VLOOKUP(AA8/$AH8,F!$A1:$B101,2,1)*AA8*$AB8*$AC8,0))*IF(ISNUMBER(F8),F8,1)*IF(ISNUMBER(E8),E8,1) -> 84 | AJ8: =H8*I8+L8*M8+P8*Q8+T8*U8+X8*Y8+AB8*AC8 -> 25 | AK8: {=IFERROR(I8*INDEX(F!$P$21:$AB$33, MATCH(G8/$AH8, F!$O$21:$O$33,1), MATCH(E8, F!$P$20:$AB$20,1)), 0 ) +IFERROR( M8*INDEX(F!$P$21:$AB$33, MATCH(K8/$AH8, F!$O$21:$O$33,1), MATCH(E8, F!$P$20:$AB$20,1)),0) + IFERROR( Q8*INDEX(F!$P$21:$AB$33, MATCH(O8/$AH8, F!$O$21:$O$33,1), MATCH(E8, F!$P$20:$AB$20,1)), 0) + IFERROR( U8*INDEX(F!$P$21:$AB$33, MATCH(S8/$AH8, F!$O$21:$O$33,1), MATCH(E8, F!$P$20:$AB$20,1)),0) + IFERROR(Y8*INDEX(F!$P$21:$AB$33, MATCH(W8/$AH8, F!$O$21:$O$33,1), MATCH(E8, F!$P$20:$AB$20,1)),0) + IFERROR( AC8*INDEX(F!$P$21:$AB$33, MATCH(AA8/$AH8, F!$O$21:$O$33,1), MATCH(E8, F!$P$20:$AB$20,1)),)} -> 7.5
K9: =IF(N9<>0, IFERROR(IF( $F9=2, MROUND($AH9*N9,1), IF( OR($F9="",$F9=1), MROUND($AH9*N9,2.5), MROUND($AH9*N9, 0.1))), "" ), "") | O9: =IF(R9<>0, IFERROR(IF( $F9=2, MROUND($AH9*R9,1), IF( OR($F9="",$F9=1), MROUND($AH9*R9,2.5), MROUND($AH9*R9, 0.1))), "" ), "") | S9: =IF(V9<>0, IFERROR(IF( $F9=2, MROUND($AH9*V9,1), IF( OR($F9="",$F9=1), MROUND($AH9*V9,2.5), MROUND($AH9*V9, 0.1))), "" ), "") | W9: =IF(Z9<>0, IFERROR(IF( $F9=2, MROUND($AH9*Z9,1), IF( OR($F9="",$F9=1), MROUND($AH9*Z9,2.5), MROUND($AH9*Z9, 0.1))), "" ), "") | AA9: =IF(AD9<>0, IFERROR(IF( $F9=2, MROUND($AH9*AD9,1), IF( OR($F9="",$F9=1), MROUND($AH9*AD9,2.5), MROUND($AH9*AD9, 0.1))), "" ), "") | AE9: =(IF(ISNUMBER(G9),G9,0)*H9*I9+IF(ISNUMBER(K9),K9,1)*L9*M9+IF(ISNUMBER(O9),O9,1)*P9*Q9+IF(ISNUMBER(S9),S9,1)*T9*U9+IF(ISNUMBER(W9),W9,1)*X9*Y9+IF(ISNUMBER(AA9),AA9,1)*AB9*AC9)*IF(ISNUMBER(F9),F9,1) -> 0 | AF9: =IFERROR(AE9/AJ9,0) -> 0 | AG9: =IFERROR((AF9/(AH9*IF(ISNUMBER(F9),F9,1))),0) -> 0 | AI9: =( IF(ISNUMBER(G9), VLOOKUP(G9/$AH9,F!$A1:$B101,2,1)*G9*$H9*$I9,0)+IF(ISNUMBER(K9), VLOOKUP(K9/$AH9,F!$A1:$B101,2,1)*K9*$L9*$M9,0)+IF(ISNUMBER(O9), VLOOKUP(O9/$AH9,F!$A1:$B101,2,1)*O9*$P9*$Q9,0)+IF(ISNUMBER(S9), VLOOKUP(S9/$AH9,F!$A1:$B101,2,1)*S9*$T9*$U9,0)+IF(ISNUMBER(W9), VLOOKUP(W9/$AH9,F!$A1:$B101,2,1)*W9*$X9*$Y9,0)+IF(ISNUMBER(AA9), VLOOKUP(AA9/$AH9,F!$A1:$B101,2,1)*AA9*$AB9*$AC9,0))*IF(ISNUMBER(F9),F9,1)*IF(ISNUMBER(E9),E9,1) -> 0 | AJ9: =H9*I9+L9*M9+P9*Q9+T9*U9+X9*Y9+AB9*AC9 -> 0 | AK9: {=IFERROR(I9*INDEX(F!$P$21:$AB$33, MATCH(G9/$AH9, F!$O$21:$O$33,1), MATCH(E9, F!$P$20:$AB$20,1)), 0 ) +IFERROR( M9*INDEX(F!$P$21:$AB$33, MATCH(K9/$AH9, F!$O$21:$O$33,1), MATCH(E9, F!$P$20:$AB$20,1)),0) + IFERROR( Q9*INDEX(F!$P$21:$AB$33, MATCH(O9/$AH9, F!$O$21:$O$33,1), MATCH(E9, F!$P$20:$AB$20,1)), 0) + IFERROR( U9*INDEX(F!$P$21:$AB$33, MATCH(S9/$AH9, F!$O$21:$O$33,1), MATCH(E9, F!$P$20:$AB$20,1)),0) + IFERROR(Y9*INDEX(F!$P$21:$AB$33, MATCH(W9/$AH9, F!$O$21:$O$33,1), MATCH(E9, F!$P$20:$AB$20,1)),0) + IFERROR( AC9*INDEX(F!$P$21:$AB$33, MATCH(AA9/$AH9, F!$O$21:$O$33,1), MATCH(E9, F!$P$20:$AB$20,1)),)} -> 0
K10: =IF(N10<>0, IFERROR(IF( $F10=2, MROUND($AH10*N10,1), IF( OR($F10="",$F10=1), MROUND($AH10*N10,2.5), MROUND($AH10*N10, 0.1))), "" ), "") | O10: =IF(R10<>0, IFERROR(IF( $F10=2, MROUND($AH10*R10,1), IF( OR($F10="",$F10=1), MROUND($AH10*R10,2.5), MROUND($AH10*R10, 0.1))), "" ), "") | S10: =IF(V10<>0, IFERROR(IF( $F10=2, MROUND($AH10*V10,1), IF( OR($F10="",$F10=1), MROUND($AH10*V10,2.5), MROUND($AH10*V10, 0.1))), "" ), "") | W10: =IF(Z10<>0, IFERROR(IF( $F10=2, MROUND($AH10*Z10,1), IF( OR($F10="",$F10=1), MROUND($AH10*Z10,2.5), MROUND($AH10*Z10, 0.1))), "" ), "") | AA10: =IF(AD10<>0, IFERROR(IF( $F10=2, MROUND($AH10*AD10,1), IF( OR($F10="",$F10=1), MROUND($AH10*AD10,2.5), MROUND($AH10*AD10, 0.1))), "" ), "") | AE10: =(IF(ISNUMBER(G10),G10,0)*H10*I10+IF(ISNUMBER(K10),K10,1)*L10*M10+IF(ISNUMBER(O10),O10,1)*P10*Q10+IF(ISNUMBER(S10),S10,1)*T10*U10+IF(ISNUMBER(W10),W10,1)*X10*Y10+IF(ISNUMBER(AA10),AA10,1)*AB10*AC10)*IF(ISNUMBER(F10),F10,1) -> 0 | AF10: =IFERROR(AE10/AJ10,0) -> 0 | AG10: =IFERROR((AF10/(AH10*IF(ISNUMBER(F10),F10,1))),0) -> 0 | AI10: =( IF(ISNUMBER(G10), VLOOKUP(G10/$AH10,F!$A1:$B101,2,1)*G10*$H10*$I10,0)+IF(ISNUMBER(K10), VLOOKUP(K10/$AH10,F!$A1:$B101,2,1)*K10*$L10*$M10,0)+IF(ISNUMBER(O10), VLOOKUP(O10/$AH10,F!$A1:$B101,2,1)*O10*$P10*$Q10,0)+IF(ISNUMBER(S10), VLOOKUP(S10/$AH10,F!$A1:$B101,2,1)*S10*$T10*$U10,0)+IF(ISNUMBER(W10), VLOOKUP(W10/$AH10,F!$A1:$B101,2,1)*W10*$X10*$Y10,0)+IF(ISNUMBER(AA10), VLOOKUP(AA10/$AH10,F!$A1:$B101,2,1)*AA10*$AB10*$AC10,0))*IF(ISNUMBER(F10),F10,1)*IF(ISNUMBER(E10),E10,1) -> 0 | AJ10: =H10*I10+L10*M10+P10*Q10+T10*U10+X10*Y10+AB10*AC10 -> 0 | AK10: {=IFERROR(I10*INDEX(F!$P$21:$AB$33, MATCH(G10/$AH10, F!$O$21:$O$33,1), MATCH(E10, F!$P$20:$AB$20,1)), 0 ) +IFERROR( M10*INDEX(F!$P$21:$AB$33, MATCH(K10/$AH10, F!$O$21:$O$33,1), MATCH(E10, F!$P$20:$AB$20,1)),0) + IFERROR( Q10*INDEX(F!$P$21:$AB$33, MATCH(O10/$AH10, F!$O$21:$O$33,1), MATCH(E10, F!$P$20:$AB$20,1)), 0) + IFERROR( U10*INDEX(F!$P$21:$AB$33, MATCH(S10/$AH10, F!$O$21:$O$33,1), MATCH(E10, F!$P$20:$AB$20,1)),0) + IFERROR(Y10*INDEX(F!$P$21:$AB$33, MATCH(W10/$AH10, F!$O$21:$O$33,1), MATCH(E10, F!$P$20:$AB$20,1)),0) + IFERROR( AC10*INDEX(F!$P$21:$AB$33, MATCH(AA10/$AH10, F!$O$21:$O$33,1), MATCH(E10, F!$P$20:$AB$20,1)),)} -> 0
G11: =IF(J11<>0, IFERROR(IF( $F11=2, MROUND($AH11*J11,1), IF( OR($F11="",$F11=1), MROUND($AH11*J11,2.5), MROUND($AH11*J11, 0.1))), "" ), "") | K11: =IF(N11<>0, IFERROR(IF( $F11=2, MROUND($AH11*N11,1), IF( OR($F11="",$F11=1), MROUND($AH11*N11,2.5), MROUND($AH11*N11, 0.1))), "" ), "") | O11: =IF(R11<>0, IFERROR(IF( $F11=2, MROUND($AH11*R11,1), IF( OR($F11="",$F11=1), MROUND($AH11*R11,2.5), MROUND($AH11*R11, 0.1))), "" ), "") | S11: =IF(V11<>0, IFERROR(IF( $F11=2, MROUND($AH11*V11,1), IF( OR($F11="",$F11=1), MROUND($AH11*V11,2.5), MROUND($AH11*V11, 0.1))), "" ), "") | W11: =IF(Z11<>0, IFERROR(IF( $F11=2, MROUND($AH11*Z11,1), IF( OR($F11="",$F11=1), MROUND($AH11*Z11,2.5), MROUND($AH11*Z11, 0.1))), "" ), "") | AA11: =IF(AD11<>0, IFERROR(IF( $F11=2, MROUND($AH11*AD11,1), IF( OR($F11="",$F11=1), MROUND($AH11*AD11,2.5), MROUND($AH11*AD11, 0.1))), "" ), "") | AE11: =(IF(ISNUMBER(G11),G11,0)*H11*I11+IF(ISNUMBER(K11),K11,1)*L11*M11+IF(ISNUMBER(O11),O11,1)*P11*Q11+IF(ISNUMBER(S11),S11,1)*T11*U11+IF(ISNUMBER(W11),W11,1)*X11*Y11+IF(ISNUMBER(AA11),AA11,1)*AB11*AC11)*IF(ISNUMBER(F11),F11,1) -> 0 | AF11: =IFERROR(AE11/AJ11,0) -> 0 | AG11: =IFERROR((AF11/(AH11*IF(ISNUMBER(F11),F11,1))),0) -> 0 | AI11: =( IF(ISNUMBER(G11), VLOOKUP(G11/$AH11,F!$A1:$B101,2,1)*G11*$H11*$I11,0)+IF(ISNUMBER(K11), VLOOKUP(K11/$AH11,F!$A1:$B101,2,1)*K11*$L11*$M11,0)+IF(ISNUMBER(O11), VLOOKUP(O11/$AH11,F!$A1:$B101,2,1)*O11*$P11*$Q11,0)+IF(ISNUMBER(S11), VLOOKUP(S11/$AH11,F!$A1:$B101,2,1)*S11*$T11*$U11,0)+IF(ISNUMBER(W11), VLOOKUP(W11/$AH11,F!$A1:$B101,2,1)*W11*$X11*$Y11,0)+IF(ISNUMBER(AA11), VLOOKUP(AA11/$AH11,F!$A1:$B101,2,1)*AA11*$AB11*$AC11,0))*IF(ISNUMBER(F11),F11,1)*IF(ISNUMBER(E11),E11,1) -> 0 | AJ11: =H11*I11+L11*M11+P11*Q11+T11*U11+X11*Y11+AB11*AC11 -> 0 | AK11: {=IFERROR(I11*INDEX(F!$P$21:$AB$33, MATCH(G11/$AH11, F!$O$21:$O$33,1), MATCH(E11, F!$P$20:$AB$20,1)), 0 ) +IFERROR( M11*INDEX(F!$P$21:$AB$33, MATCH(K11/$AH11, F!$O$21:$O$33,1), MATCH(E11, F!$P$20:$AB$20,1)),0) + IFERROR( Q11*INDEX(F!$P$21:$AB$33, MATCH(O11/$AH11, F!$O$21:$O$33,1), MATCH(E11, F!$P$20:$AB$20,1)), 0) + IFERROR( U11*INDEX(F!$P$21:$AB$33, MATCH(S11/$AH11, F!$O$21:$O$33,1), MATCH(E11, F!$P$20:$AB$20,1)),0) + IFERROR(Y11*INDEX(F!$P$21:$AB$33, MATCH(W11/$AH11, F!$O$21:$O$33,1), MATCH(E11, F!$P$20:$AB$20,1)),0) + IFERROR( AC11*INDEX(F!$P$21:$AB$33, MATCH(AA11/$AH11, F!$O$21:$O$33,1), MATCH(E11, F!$P$20:$AB$20,1)),)} -> 0
E12: =ROUND(IFERROR(SUMPRODUCT(AJ4:AJ11,E4:E11)/AJ12,0),3) -> 0.927 | AE12: =SUM(AE4:AE11) -> 5645 | AF12: =IFERROR(AE12/AJ12,0) -> 57.602041 | AG12: =IFERROR( SUMPRODUCT(AG4:AG11,AJ4:AJ11)/AJ12,0) -> 0.61674156 | AI12: =SUM(AI4:AI11) -> 5227.31 | AJ12: =SUM(AJ4:AJ11) -> 98 | AK12: =IF(SUM(AK4:AK11)=0,TIME(,0,),TIME(,SUM(AK4:AK11)+F!$V$37,)) -> 0.0875
A13: =A14 -> 43782 | B13: Тяжелая | C13: ТГ | D13: Становая тяга | E13: 1.4 | G13: =IF(J13<>0, IFERROR(IF( $F13=2, MROUND($AH13*J13,1), IF( OR($F13="",$F13=1), MROUND($AH13*J13,2.5), MROUND($AH13*J13, 0.1))), "" ), "") -> 110 | H13: 3 | I13: 1 | J13: 0.6 | K13: =IF(N13<>0, IFERROR(IF( $F13=2, MROUND($AH13*N13,1), IF( OR($F13="",$F13=1), MROUND($AH13*N13,2.5), MROUND($AH13*N13, 0.1))), "" ), "") -> 130 | L13: 2 | M13: 2 | N13: 0.7 | O13: =IF(R13<>0, IFERROR(IF( $F13=2, MROUND($AH13*R13,1), IF( OR($F13="",$F13=1), MROUND($AH13*R13,2.5), MROUND($AH13*R13, 0.1))), "" ), "") -> 147.5 | P13: 1 | Q13: 2 | R13: 0.8 | S13: =IF(V13<>0, IFERROR(IF( $F13=2, MROUND($AH13*V13,1), IF( OR($F13="",$F13=1), MROUND($AH13*V13,2.5), MROUND($AH13*V13, 0.1))), "" ), "") -> 152.5 | T13: 1 | U13: 2 | V13: 0.83 | W13: =IF(Z13<>0, IFERROR(IF( $F13=2, MROUND($AH13*Z13,1), IF( OR($F13="",$F13=1), MROUND($AH13*Z13,2.5), MROUND($AH13*Z13, 0.1))), "" ), "") | AA13: =IF(AD13<>0, IFERROR(IF( $F13=2, MROUND($AH13*AD13,1), IF( OR($F13="",$F13=1), MROUND($AH13*AD13,2.5), MROUND($AH13*AD13, 0.1))), "" ), "") | AE13: =(IF(ISNUMBER(G13),G13,0)*H13*I13+IF(ISNUMBER(K13),K13,1)*L13*M13+IF(ISNUMBER(O13),O13,1)*P13*Q13+IF(ISNUMBER(S13),S13,1)*T13*U13+IF(ISNUMBER(W13),W13,1)*X13*Y13+IF(ISNUMBER(AA13),AA13,1)*AB13*AC13)*IF(ISNUMBER(F13),F13,1) -> 1450 | AF13: =IFERROR(AE13/AJ13,0) -> 131.81818 | AG13: =IFERROR((AF13/(AH13*IF(ISNUMBER(F13),F13,1))),0) -> 0.71253071 | AH13: 185 | AI13: =( IF(ISNUMBER(G13), VLOOKUP(G13/$AH13,F!$A1:$B101,2,1)*G13*$H13*$I13,0)+IF(ISNUMBER(K13), VLOOKUP(K13/$AH13,F!$A1:$B101,2,1)*K13*$L13*$M13,0)+IF(ISNUMBER(O13), VLOOKUP(O13/$AH13,F!$A1:$B101,2,1)*O13*$P13*$Q13,0)+IF(ISNUMBER(S13), VLOOKUP(S13/$AH13,F!$A1:$B101,2,1)*S13*$T13*$U13,0)+IF(ISNUMBER(W13), VLOOKUP(W13/$AH13,F!$A1:$B101,2,1)*W13*$X13*$Y13,0)+IF(ISNUMBER(AA13), VLOOKUP(AA13/$AH13,F!$A1:$B101,2,1)*AA13*$AB13*$AC13,0))*IF(ISNUMBER(F13),F13,1)*IF(ISNUMBER(E13),E13,1) -> 2289.56 | AJ13: =H13*I13+L13*M13+P13*Q13+T13*U13+X13*Y13+AB13*AC13 -> 11 | AK13: {=IFERROR(I13*INDEX(F!$P$21:$AB$33, MATCH(G13/$AH13, F!$O$21:$O$33,1), MATCH(E13, F!$P$20:$AB$20,1)), 0 ) +IFERROR( M13*INDEX(F!$P$21:$AB$33, MATCH(K13/$AH13, F!$O$21:$O$33,1), MATCH(E13, F!$P$20:$AB$20,1)),0) + IFERROR( Q13*INDEX(F!$P$21:$AB$33, MATCH(O13/$AH13, F!$O$21:$O$33,1), MATCH(E13, F!$P$20:$AB$20,1)), 0) + IFERROR( U13*INDEX(F!$P$21:$AB$33, MATCH(S13/$AH13, F!$O$21:$O$33,1), MATCH(E13, F!$P$20:$AB$20,1)),0) + IFERROR(Y13*INDEX(F!$P$21:$AB$33, MATCH(W13/$AH13, F!$O$21:$O$33,1), MATCH(E13, F!$P$20:$AB$20,1)),0) + IFERROR( AC13*INDEX(F!$P$21:$AB$33, MATCH(AA13/$AH13, F!$O$21:$O$33,1), MATCH(E13, F!$P$20:$AB$20,1)),)} -> 37.5
A14: 43782 | B14: Тяжелая | C14: ЖМ | D14: Жим лежа | E14: 1 | G14: =IF(J14<>0, IFERROR(IF( $F14=2, MROUND($AH14*J14,1), IF( OR($F14="",$F14=1), MROUND($AH14*J14,2.5), MROUND($AH14*J14, 0.1))), "" ), "") -> 57.5 | H14: 3 | I14: 1 | J14: 0.6 | K14: =IF(N14<>0, IFERROR(IF( $F14=2, MROUND($AH14*N14,1), IF( OR($F14="",$F14=1), MROUND($AH14*N14,2.5), MROUND($AH14*N14, 0.1))), "" ), "") -> 67.5 | L14: 3 | M14: 5 | N14: 0.7 | O14: =IF(R14<>0, IFERROR(IF( $F14=2, MROUND($AH14*R14,1), IF( OR($F14="",$F14=1), MROUND($AH14*R14,2.5), MROUND($AH14*R14, 0.1))), "" ), "") | S14: =IF(V14<>0, IFERROR(IF( $F14=2, MROUND($AH14*V14,1), IF( OR($F14="",$F14=1), MROUND($AH14*V14,2.5), MROUND($AH14*V14, 0.1))), "" ), "") | W14: =IF(Z14<>0, IFERROR(IF( $F14=2, MROUND($AH14*Z14,1), IF( OR($F14="",$F14=1), MROUND($AH14*Z14,2.5), MROUND($AH14*Z14, 0.1))), "" ), "") | AA14: =IF(AD14<>0, IFERROR(IF( $F14=2, MROUND($AH14*AD14,1), IF( OR($F14="",$F14=1), MROUND($AH14*AD14,2.5), MROUND($AH14*AD14, 0.1))), "" ), "") | AE14: =(IF(ISNUMBER(G14),G14,0)*H14*I14+IF(ISNUMBER(K14),K14,1)*L14*M14+IF(ISNUMBER(O14),O14,1)*P14*Q14+IF(ISNUMBER(S14),S14,1)*T14*U14+IF(ISNUMBER(W14),W14,1)*X14*Y14+IF(ISNUMBER(AA14),AA14,1)*AB14*AC14)*IF(ISNUMBER(F14),F14,1) -> 1185 | AF14: =IFERROR(AE14/AJ14,0) -> 65.833333 | AG14: =IFERROR((AF14/(AH14*IF(ISNUMBER(F14),F14,1))),0) -> 0.69298246 | AH14: =AH5 -> 95 | AI14: =( IF(ISNUMBER(G14), VLOOKUP(G14/$AH14,F!$A1:$B101,2,1)*G14*$H14*$I14,0)+IF(ISNUMBER(K14), VLOOKUP(K14/$AH14,F!$A1:$B101,2,1)*K14*$L14*$M14,0)+IF(ISNUMBER(O14), VLOOKUP(O14/$AH14,F!$A1:$B101,2,1)*O14*$P14*$Q14,0)+IF(ISNUMBER(S14), VLOOKUP(S14/$AH14,F!$A1:$B101,2,1)*S14*$T14*$U14,0)+IF(ISNUMBER(W14), VLOOKUP(W14/$AH14,F!$A1:$B101,2,1)*W14*$X14*$Y14,0)+IF(ISNUMBER(AA14), VLOOKUP(AA14/$AH14,F!$A1:$B101,2,1)*AA14*$AB14*$AC14,0))*IF(ISNUMBER(F14),F14,1)*IF(ISNUMBER(E14),E14,1) -> 1082.625 | AJ14: =H14*I14+L14*M14+P14*Q14+T14*U14+X14*Y14+AB14*AC14 -> 18 | AK14: {=IFERROR(I14*INDEX(F!$P$21:$AB$33, MATCH(G14/$AH14, F!$O$21:$O$33,1), MATCH(E14, F!$P$20:$AB$20,1)), 0 ) +IFERROR( M14*INDEX(F!$P$21:$AB$33, MATCH(K14/$AH14, F!$O$21:$O$33,1), MATCH(E14, F!$P$20:$AB$20,1)),0) + IFERROR( Q14*INDEX(F!$P$21:$AB$33, MATCH(O14/$AH14, F!$O$21:$O$33,1), MATCH(E14, F!$P$20:$AB$20,1)), 0) + IFERROR( U14*INDEX(F!$P$21:$AB$33, MATCH(S14/$AH14, F!$O$21:$O$33,1), MATCH(E14, F!$P$20:$AB$20,1)),0) + IFERROR(Y14*INDEX(F!$P$21:$AB$33, MATCH(W14/$AH14, F!$O$21:$O$33,1), MATCH(E14, F!$P$20:$AB$20,1)),0) + IFERROR( AC14*INDEX(F!$P$21:$AB$33, MATCH(AA14/$AH14, F!$O$21:$O$33,1), MATCH(E14, F!$P$20:$AB$20,1)),)} -> 23
B15: Средняя | C15: ОФП | D15: Наклоны со штангой | E15: 0.8 | G15: =IF(J15<>0, IFERROR(IF( $F15=2, MROUND($AH15*J15,1), IF( OR($F15="",$F15=1), MROUND($AH15*J15,2.5), MROUND($AH15*J15, 0.1))), "" ), "") -> 55 | H15: 5 | I15: 5 | J15: 0.55 | K15: =IF(N15<>0, IFERROR(IF( $F15=2, MROUND($AH15*N15,1), IF( OR($F15="",$F15=1), MROUND($AH15*N15,2.5), MROUND($AH15*N15, 0.1))), "" ), "") | O15: =IF(R15<>0, IFERROR(IF( $F15=2, MROUND($AH15*R15,1), IF( OR($F15="",$F15=1), MROUND($AH15*R15,2.5), MROUND($AH15*R15, 0.1))), "" ), "") | S15: =IF(V15<>0, IFERROR(IF( $F15=2, MROUND($AH15*V15,1), IF( OR($F15="",$F15=1), MROUND($AH15*V15,2.5), MROUND($AH15*V15, 0.1))), "" ), "") | W15: =IF(Z15<>0, IFERROR(IF( $F15=2, MROUND($AH15*Z15,1), IF( OR($F15="",$F15=1), MROUND($AH15*Z15,2.5), MROUND($AH15*Z15, 0.1))), "" ), "") | AA15: =IF(AD15<>0, IFERROR(IF( $F15=2, MROUND($AH15*AD15,1), IF( OR($F15="",$F15=1), MROUND($AH15*AD15,2.5), MROUND($AH15*AD15, 0.1))), "" ), "") | AE15: =(IF(ISNUMBER(G15),G15,0)*H15*I15+IF(ISNUMBER(K15),K15,1)*L15*M15+IF(ISNUMBER(O15),O15,1)*P15*Q15+IF(ISNUMBER(S15),S15,1)*T15*U15+IF(ISNUMBER(W15),W15,1)*X15*Y15+IF(ISNUMBER(AA15),AA15,1)*AB15*AC15)*IF(ISNUMBER(F15),F15,1) -> 1375 | AF15: =IFERROR(AE15/AJ15,0) -> 55 | AG15: =IFERROR((AF15/(AH15*IF(ISNUMBER(F15),F15,1))),0) -> 0.54054054 | AH15: =AH13*0.55 -> 101.75 | AI15: =( IF(ISNUMBER(G15), VLOOKUP(G15/$AH15,F!$A1:$B101,2,1)*G15*$H15*$I15,0)+IF(ISNUMBER(K15), VLOOKUP(K15/$AH15,F!$A1:$B101,2,1)*K15*$L15*$M15,0)+IF(ISNUMBER(O15), VLOOKUP(O15/$AH15,F!$A1:$B101,2,1)*O15*$P15*$Q15,0)+IF(ISNUMBER(S15), VLOOKUP(S15/$AH15,F!$A1:$B101,2,1)*S15*$T15*$U15,0)+IF(ISNUMBER(W15), VLOOKUP(W15/$AH15,F!$A1:$B101,2,1)*W15*$X15*$Y15,0)+IF(ISNUMBER(AA15), VLOOKUP(AA15/$AH15,F!$A1:$B101,2,1)*AA15*$AB15*$AC15,0))*IF(ISNUMBER(F15),F15,1)*IF(ISNUMBER(E15),E15,1) -> 616 | AJ15: =H15*I15+L15*M15+P15*Q15+T15*U15+X15*Y15+AB15*AC15 -> 25 | AK15: {=IFERROR(I15*INDEX(F!$P$21:$AB$33, MATCH(G15/$AH15, F!$O$21:$O$33,1), MATCH(E15, F!$P$20:$AB$20,1)), 0 ) +IFERROR( M15*INDEX(F!$P$21:$AB$33, MATCH(K15/$AH15, F!$O$21:$O$33,1), MATCH(E15, F!$P$20:$AB$20,1)),0) + IFERROR( Q15*INDEX(F!$P$21:$AB$33, MATCH(O15/$AH15, F!$O$21:$O$33,1), MATCH(E15, F!$P$20:$AB$20,1)), 0) + IFERROR( U15*INDEX(F!$P$21:$AB$33, MATCH(S15/$AH15, F!$O$21:$O$33,1), MATCH(E15, F!$P$20:$AB$20,1)),0) + IFERROR(Y15*INDEX(F!$P$21:$AB$33, MATCH(W15/$AH15, F!$O$21:$O$33,1), MATCH(E15, F!$P$20:$AB$20,1)),0) + IFERROR( AC15*INDEX(F!$P$21:$AB$33, MATCH(AA15/$AH15, F!$O$21:$O$33,1), MATCH(E15, F!$P$20:$AB$20,1)),)} -> 9
B16: Легкая | C16: ОФП | D16: Жим стоя | E16: 1 | G16: =IF(J16<>0, IFERROR(IF( $F16=2, MROUND($AH16*J16,1), IF( OR($F16="",$F16=1), MROUND($AH16*J16,2.5), MROUND($AH16*J16, 0.1))), "" ), "") -> 22.5 | H16: 6 | I16: 4 | J16: 0.4 | K16: =IF(N16<>0, IFERROR(IF( $F16=2, MROUND($AH16*N16,1), IF( OR($F16="",$F16=1), MROUND($AH16*N16,2.5), MROUND($AH16*N16, 0.1))), "" ), "") -> 25 | L16: 5 | M16: 4 | N16: 0.45 | O16: =IF(R16<>0, IFERROR(IF( $F16=2, MROUND($AH16*R16,1), IF( OR($F16="",$F16=1), MROUND($AH16*R16,2.5), MROUND($AH16*R16, 0.1))), "" ), "") | S16: =IF(V16<>0, IFERROR(IF( $F16=2, MROUND($AH16*V16,1), IF( OR($F16="",$F16=1), MROUND($AH16*V16,2.5), MROUND($AH16*V16, 0.1))), "" ), "") | W16: =IF(Z16<>0, IFERROR(IF( $F16=2, MROUND($AH16*Z16,1), IF( OR($F16="",$F16=1), MROUND($AH16*Z16,2.5), MROUND($AH16*Z16, 0.1))), "" ), "") | AA16: =IF(AD16<>0, IFERROR(IF( $F16=2, MROUND($AH16*AD16,1), IF( OR($F16="",$F16=1), MROUND($AH16*AD16,2.5), MROUND($AH16*AD16, 0.1))), "" ), "") | AE16: =(IF(ISNUMBER(G16),G16,0)*H16*I16+IF(ISNUMBER(K16),K16,1)*L16*M16+IF(ISNUMBER(O16),O16,1)*P16*Q16+IF(ISNUMBER(S16),S16,1)*T16*U16+IF(ISNUMBER(W16),W16,1)*X16*Y16+IF(ISNUMBER(AA16),AA16,1)*AB16*AC16)*IF(ISNUMBER(F16),F16,1) -> 1040 | AF16: =IFERROR(AE16/AJ16,0) -> 23.636364 | AG16: =IFERROR((AF16/(AH16*IF(ISNUMBER(F16),F16,1))),0) -> 0.41467305 | AH16: =AH14*0.6 -> 57 | AI16: =( IF(ISNUMBER(G16), VLOOKUP(G16/$AH16,F!$A1:$B101,2,1)*G16*$H16*$I16,0)+IF(ISNUMBER(K16), VLOOKUP(K16/$AH16,F!$A1:$B101,2,1)*K16*$L16*$M16,0)+IF(ISNUMBER(O16), VLOOKUP(O16/$AH16,F!$A1:$B101,2,1)*O16*$P16*$Q16,0)+IF(ISNUMBER(S16), VLOOKUP(S16/$AH16,F!$A1:$B101,2,1)*S16*$T16*$U16,0)+IF(ISNUMBER(W16), VLOOKUP(W16/$AH16,F!$A1:$B101,2,1)*W16*$X16*$Y16,0)+IF(ISNUMBER(AA16), VLOOKUP(AA16/$AH16,F!$A1:$B101,2,1)*AA16*$AB16*$AC16,0))*IF(ISNUMBER(F16),F16,1)*IF(ISNUMBER(E16),E16,1) -> 352 | AJ16: =H16*I16+L16*M16+P16*Q16+T16*U16+X16*Y16+AB16*AC16 -> 44 | AK16: {=IFERROR(I16*INDEX(F!$P$21:$AB$33, MATCH(G16/$AH16, F!$O$21:$O$33,1), MATCH(E16, F!$P$20:$AB$20,1)), 0 ) +IFERROR( M16*INDEX(F!$P$21:$AB$33, MATCH(K16/$AH16, F!$O$21:$O$33,1), MATCH(E16, F!$P$20:$AB$20,1)),0) + IFERROR( Q16*INDEX(F!$P$21:$AB$33, MATCH(O16/$AH16, F!$O$21:$O$33,1), MATCH(E16, F!$P$20:$AB$20,1)), 0) + IFERROR( U16*INDEX(F!$P$21:$AB$33, MATCH(S16/$AH16, F!$O$21:$O$33,1), MATCH(E16, F!$P$20:$AB$20,1)),0) + IFERROR(Y16*INDEX(F!$P$21:$AB$33, MATCH(W16/$AH16, F!$O$21:$O$33,1), MATCH(E16, F!$P$20:$AB$20,1)),0) + IFERROR( AC16*INDEX(F!$P$21:$AB$33, MATCH(AA16/$AH16, F!$O$21:$O$33,1), MATCH(E16, F!$P$20:$AB$20,1)),)} -> 16
B17: Тяжелая | C17: ЖМ | D17: Жим средним хватом | E17: 1 | G17: =IF(J17<>0, IFERROR(IF( $F17=2, MROUND($AH17*J17,1), IF( OR($F17="",$F17=1), MROUND($AH17*J17,2.5), MROUND($AH17*J17, 0.1))), "" ), "") -> 45 | H17: 4 | I17: 1 | J17: 0.55 | K17: =IF(N17<>0, IFERROR(IF( $F17=2, MROUND($AH17*N17,1), IF( OR($F17="",$F17=1), MROUND($AH17*N17,2.5), MROUND($AH17*N17, 0.1))), "" ), "") -> 52.5 | L17: 3 | M17: 1 | N17: 0.65 | O17: =IF(R17<>0, IFERROR(IF( $F17=2, MROUND($AH17*R17,1), IF( OR($F17="",$F17=1), MROUND($AH17*R17,2.5), MROUND($AH17*R17, 0.1))), "" ), "") -> 60 | P17: 2 | Q17: 2 | R17: 0.75 | S17: =IF(V17<>0, IFERROR(IF( $F17=2, MROUND($AH17*V17,1), IF( OR($F17="",$F17=1), MROUND($AH17*V17,2.5), MROUND($AH17*V17, 0.1))), "" ), "") -> 67.5 | T17: 2 | U17: 2 | V17: 0.85 | W17: =IF(Z17<>0, IFERROR(IF( $F17=2, MROUND($AH17*Z17,1), IF( OR($F17="",$F17=1), MROUND($AH17*Z17,2.5), MROUND($AH17*Z17, 0.1))), "" ), "") | AA17: =IF(AD17<>0, IFERROR(IF( $F17=2, MROUND($AH17*AD17,1), IF( OR($F17="",$F17=1), MROUND($AH17*AD17,2.5), MROUND($AH17*AD17, 0.1))), "" ), "") | AE17: =(IF(ISNUMBER(G17),G17,0)*H17*I17+IF(ISNUMBER(K17),K17,1)*L17*M17+IF(ISNUMBER(O17),O17,1)*P17*Q17+IF(ISNUMBER(S17),S17,1)*T17*U17+IF(ISNUMBER(W17),W17,1)*X17*Y17+IF(ISNUMBER(AA17),AA17,1)*AB17*AC17)*IF(ISNUMBER(F17),F17,1) -> 847.5 | AF17: =IFERROR(AE17/AJ17,0) -> 56.5 | AG17: =IFERROR((AF17/(AH17*IF(ISNUMBER(F17),F17,1))),0) -> 0.6996904 | AH17: =AH14*0.85 -> 80.75 | AI17: =( IF(ISNUMBER(G17), VLOOKUP(G17/$AH17,F!$A1:$B101,2,1)*G17*$H17*$I17,0)+IF(ISNUMBER(K17), VLOOKUP(K17/$AH17,F!$A1:$B101,2,1)*K17*$L17*$M17,0)+IF(ISNUMBER(O17), VLOOKUP(O17/$AH17,F!$A1:$B101,2,1)*O17*$P17*$Q17,0)+IF(ISNUMBER(S17), VLOOKUP(S17/$AH17,F!$A1:$B101,2,1)*S17*$T17*$U17,0)+IF(ISNUMBER(W17), VLOOKUP(W17/$AH17,F!$A1:$B101,2,1)*W17*$X17*$Y17,0)+IF(ISNUMBER(AA17), VLOOKUP(AA17/$AH17,F!$A1:$B101,2,1)*AA17*$AB17*$AC17,0))*IF(ISNUMBER(F17),F17,1)*IF(ISNUMBER(E17),E17,1) -> 973.8 | AJ17: =H17*I17+L17*M17+P17*Q17+T17*U17+X17*Y17+AB17*AC17 -> 15 | AK17: {=IFERROR(I17*INDEX(F!$P$21:$AB$33, MATCH(G17/$AH17, F!$O$21:$O$33,1), MATCH(E17, F!$P$20:$AB$20,1)), 0 ) +IFERROR( M17*INDEX(F!$P$21:$AB$33, MATCH(K17/$AH17, F!$O$21:$O$33,1), MATCH(E17, F!$P$20:$AB$20,1)),0) + IFERROR( Q17*INDEX(F!$P$21:$AB$33, MATCH(O17/$AH17, F!$O$21:$O$33,1), MATCH(E17, F!$P$20:$AB$20,1)), 0) + IFERROR( U17*INDEX(F!$P$21:$AB$33, MATCH(S17/$AH17, F!$O$21:$O$33,1), MATCH(E17, F!$P$20:$AB$20,1)),0) + IFERROR(Y17*INDEX(F!$P$21:$AB$33, MATCH(W17/$AH17, F!$O$21:$O$33,1), MATCH(E17, F!$P$20:$AB$20,1)),0) + IFERROR( AC17*INDEX(F!$P$21:$AB$33, MATCH(AA17/$AH17, F!$O$21:$O$33,1), MATCH(E17, F!$P$20:$AB$20,1)),)} -> 22
K18: =IF(N18<>0, IFERROR(IF( $F18=2, MROUND($AH18*N18,1), IF( OR($F18="",$F18=1), MROUND($AH18*N18,2.5), MROUND($AH18*N18, 0.1))), "" ), "") | O18: =IF(R18<>0, IFERROR(IF( $F18=2, MROUND($AH18*R18,1), IF( OR($F18="",$F18=1), MROUND($AH18*R18,2.5), MROUND($AH18*R18, 0.1))), "" ), "") | S18: =IF(V18<>0, IFERROR(IF( $F18=2, MROUND($AH18*V18,1), IF( OR($F18="",$F18=1), MROUND($AH18*V18,2.5), MROUND($AH18*V18, 0.1))), "" ), "") | W18: =IF(Z18<>0, IFERROR(IF( $F18=2, MROUND($AH18*Z18,1), IF( OR($F18="",$F18=1), MROUND($AH18*Z18,2.5), MROUND($AH18*Z18, 0.1))), "" ), "") | AA18: =IF(AD18<>0, IFERROR(IF( $F18=2, MROUND($AH18*AD18,1), IF( OR($F18="",$F18=1), MROUND($AH18*AD18,2.5), MROUND($AH18*AD18, 0.1))), "" ), "") | AE18: =(IF(ISNUMBER(G18),G18,0)*H18*I18+IF(ISNUMBER(K18),K18,1)*L18*M18+IF(ISNUMBER(O18),O18,1)*P18*Q18+IF(ISNUMBER(S18),S18,1)*T18*U18+IF(ISNUMBER(W18),W18,1)*X18*Y18+IF(ISNUMBER(AA18),AA18,1)*AB18*AC18)*IF(ISNUMBER(F18),F18,1) -> 0 | AF18: =IFERROR(AE18/AJ18,0) -> 0 | AG18: =IFERROR((AF18/(AH18*IF(ISNUMBER(F18),F18,1))),0) -> 0 | AI18: =( IF(ISNUMBER(G18), VLOOKUP(G18/$AH18,F!$A1:$B101,2,1)*G18*$H18*$I18,0)+IF(ISNUMBER(K18), VLOOKUP(K18/$AH18,F!$A1:$B101,2,1)*K18*$L18*$M18,0)+IF(ISNUMBER(O18), VLOOKUP(O18/$AH18,F!$A1:$B101,2,1)*O18*$P18*$Q18,0)+IF(ISNUMBER(S18), VLOOKUP(S18/$AH18,F!$A1:$B101,2,1)*S18*$T18*$U18,0)+IF(ISNUMBER(W18), VLOOKUP(W18/$AH18,F!$A1:$B101,2,1)*W18*$X18*$Y18,0)+IF(ISNUMBER(AA18), VLOOKUP(AA18/$AH18,F!$A1:$B101,2,1)*AA18*$AB18*$AC18,0))*IF(ISNUMBER(F18),F18,1)*IF(ISNUMBER(E18),E18,1) -> 0 | AJ18: =H18*I18+L18*M18+P18*Q18+T18*U18+X18*Y18+AB18*AC18 -> 0 | AK18: {=IFERROR(I18*INDEX(F!$P$21:$AB$33, MATCH(G18/$AH18, F!$O$21:$O$33,1), MATCH(E18, F!$P$20:$AB$20,1)), 0 ) +IFERROR( M18*INDEX(F!$P$21:$AB$33, MATCH(K18/$AH18, F!$O$21:$O$33,1), MATCH(E18, F!$P$20:$AB$20,1)),0) + IFERROR( Q18*INDEX(F!$P$21:$AB$33, MATCH(O18/$AH18, F!$O$21:$O$33,1), MATCH(E18, F!$P$20:$AB$20,1)), 0) + IFERROR( U18*INDEX(F!$P$21:$AB$33, MATCH(S18/$AH18, F!$O$21:$O$33,1), MATCH(E18, F!$P$20:$AB$20,1)),0) + IFERROR(Y18*INDEX(F!$P$21:$AB$33, MATCH(W18/$AH18, F!$O$21:$O$33,1), MATCH(E18, F!$P$20:$AB$20,1)),0) + IFERROR( AC18*INDEX(F!$P$21:$AB$33, MATCH(AA18/$AH18, F!$O$21:$O$33,1), MATCH(E18, F!$P$20:$AB$20,1)),)} -> 0
K19: =IF(N19<>0, IFERROR(IF( $F19=2, MROUND($AH19*N19,1), IF( OR($F19="",$F19=1), MROUND($AH19*N19,2.5), MROUND($AH19*N19, 0.1))), "" ), "") | O19: =IF(R19<>0, IFERROR(IF( $F19=2, MROUND($AH19*R19,1), IF( OR($F19="",$F19=1), MROUND($AH19*R19,2.5), MROUND($AH19*R19, 0.1))), "" ), "") | S19: =IF(V19<>0, IFERROR(IF( $F19=2, MROUND($AH19*V19,1), IF( OR($F19="",$F19=1), MROUND($AH19*V19,2.5), MROUND($AH19*V19, 0.1))), "" ), "") | W19: =IF(Z19<>0, IFERROR(IF( $F19=2, MROUND($AH19*Z19,1), IF( OR($F19="",$F19=1), MROUND($AH19*Z19,2.5), MROUND($AH19*Z19, 0.1))), "" ), "") | AA19: =IF(AD19<>0, IFERROR(IF( $F19=2, MROUND($AH19*AD19,1), IF( OR($F19="",$F19=1), MROUND($AH19*AD19,2.5), MROUND($AH19*AD19, 0.1))), "" ), "") | AE19: =(IF(ISNUMBER(G19),G19,0)*H19*I19+IF(ISNUMBER(K19),K19,1)*L19*M19+IF(ISNUMBER(O19),O19,1)*P19*Q19+IF(ISNUMBER(S19),S19,1)*T19*U19+IF(ISNUMBER(W19),W19,1)*X19*Y19+IF(ISNUMBER(AA19),AA19,1)*AB19*AC19)*IF(ISNUMBER(F19),F19,1) -> 0 | AF19: =IFERROR(AE19/AJ19,0) -> 0 | AG19: =IFERROR((AF19/(AH19*IF(ISNUMBER(F19),F19,1))),0) -> 0 | AI19: =( IF(ISNUMBER(G19), VLOOKUP(G19/$AH19,F!$A1:$B101,2,1)*G19*$H19*$I19,0)+IF(ISNUMBER(K19), VLOOKUP(K19/$AH19,F!$A1:$B101,2,1)*K19*$L19*$M19,0)+IF(ISNUMBER(O19), VLOOKUP(O19/$AH19,F!$A1:$B101,2,1)*O19*$P19*$Q19,0)+IF(ISNUMBER(S19), VLOOKUP(S19/$AH19,F!$A1:$B101,2,1)*S19*$T19*$U19,0)+IF(ISNUMBER(W19), VLOOKUP(W19/$AH19,F!$A1:$B101,2,1)*W19*$X19*$Y19,0)+IF(ISNUMBER(AA19), VLOOKUP(AA19/$AH19,F!$A1:$B101,2,1)*AA19*$AB19*$AC19,0))*IF(ISNUMBER(F19),F19,1)*IF(ISNUMBER(E19),E19,1) -> 0 | AJ19: =H19*I19+L19*M19+P19*Q19+T19*U19+X19*Y19+AB19*AC19 -> 0 | AK19: {=IFERROR(I19*INDEX(F!$P$21:$AB$33, MATCH(G19/$AH19, F!$O$21:$O$33,1), MATCH(E19, F!$P$20:$AB$20,1)), 0 ) +IFERROR( M19*INDEX(F!$P$21:$AB$33, MATCH(K19/$AH19, F!$O$21:$O$33,1), MATCH(E19, F!$P$20:$AB$20,1)),0) + IFERROR( Q19*INDEX(F!$P$21:$AB$33, MATCH(O19/$AH19, F!$O$21:$O$33,1), MATCH(E19, F!$P$20:$AB$20,1)), 0) + IFERROR( U19*INDEX(F!$P$21:$AB$33, MATCH(S19/$AH19, F!$O$21:$O$33,1), MATCH(E19, F!$P$20:$AB$20,1)),0) + IFERROR(Y19*INDEX(F!$P$21:$AB$33, MATCH(W19/$AH19, F!$O$21:$O$33,1), MATCH(E19, F!$P$20:$AB$20,1)),0) + IFERROR( AC19*INDEX(F!$P$21:$AB$33, MATCH(AA19/$AH19, F!$O$21:$O$33,1), MATCH(E19, F!$P$20:$AB$20,1)),)} -> 0
G20: =IF(J20<>0, IFERROR(IF( $F20=2, MROUND($AH20*J20,1), IF( OR($F20="",$F20=1), MROUND($AH20*J20,2.5), MROUND($AH20*J20, 0.1))), "" ), "") | K20: =IF(N20<>0, IFERROR(IF( $F20=2, MROUND($AH20*N20,1), IF( OR($F20="",$F20=1), MROUND($AH20*N20,2.5), MROUND($AH20*N20, 0.1))), "" ), "") | O20: =IF(R20<>0, IFERROR(IF( $F20=2, MROUND($AH20*R20,1), IF( OR($F20="",$F20=1), MROUND($AH20*R20,2.5), MROUND($AH20*R20, 0.1))), "" ), "") | S20: =IF(V20<>0, IFERROR(IF( $F20=2, MROUND($AH20*V20,1), IF( OR($F20="",$F20=1), MROUND($AH20*V20,2.5), MROUND($AH20*V20, 0.1))), "" ), "") | W20: =IF(Z20<>0, IFERROR(IF( $F20=2, MROUND($AH20*Z20,1), IF( OR($F20="",$F20=1), MROUND($AH20*Z20,2.5), MROUND($AH20*Z20, 0.1))), "" ), "") | AA20: =IF(AD20<>0, IFERROR(IF( $F20=2, MROUND($AH20*AD20,1), IF( OR($F20="",$F20=1), MROUND($AH20*AD20,2.5), MROUND($AH20*AD20, 0.1))), "" ), "") | AE20: =(IF(ISNUMBER(G20),G20,0)*H20*I20+IF(ISNUMBER(K20),K20,1)*L20*M20+IF(ISNUMBER(O20),O20,1)*P20*Q20+IF(ISNUMBER(S20),S20,1)*T20*U20+IF(ISNUMBER(W20),W20,1)*X20*Y20+IF(ISNUMBER(AA20),AA20,1)*AB20*AC20)*IF(ISNUMBER(F20),F20,1) -> 0 | AF20: =IFERROR(AE20/AJ20,0) -> 0 | AG20: =IFERROR((AF20/(AH20*IF(ISNUMBER(F20),F20,1))),0) -> 0 | AI20: =( IF(ISNUMBER(G20), VLOOKUP(G20/$AH20,F!$A1:$B101,2,1)*G20*$H20*$I20,0)+IF(ISNUMBER(K20), VLOOKUP(K20/$AH20,F!$A1:$B101,2,1)*K20*$L20*$M20,0)+IF(ISNUMBER(O20), VLOOKUP(O20/$AH20,F!$A1:$B101,2,1)*O20*$P20*$Q20,0)+IF(ISNUMBER(S20), VLOOKUP(S20/$AH20,F!$A1:$B101,2,1)*S20*$T20*$U20,0)+IF(ISNUMBER(W20), VLOOKUP(W20/$AH20,F!$A1:$B101,2,1)*W20*$X20*$Y20,0)+IF(ISNUMBER(AA20), VLOOKUP(AA20/$AH20,F!$A1:$B101,2,1)*AA20*$AB20*$AC20,0))*IF(ISNUMBER(F20),F20,1)*IF(ISNUMBER(E20),E20,1) -> 0 | AJ20: =H20*I20+L20*M20+P20*Q20+T20*U20+X20*Y20+AB20*AC20 -> 0 | AK20: {=IFERROR(I20*INDEX(F!$P$21:$AB$33, MATCH(G20/$AH20, F!$O$21:$O$33,1), MATCH(E20, F!$P$20:$AB$20,1)), 0 ) +IFERROR( M20*INDEX(F!$P$21:$AB$33, MATCH(K20/$AH20, F!$O$21:$O$33,1), MATCH(E20, F!$P$20:$AB$20,1)),0) + IFERROR( Q20*INDEX(F!$P$21:$AB$33, MATCH(O20/$AH20, F!$O$21:$O$33,1), MATCH(E20, F!$P$20:$AB$20,1)), 0) + IFERROR( U20*INDEX(F!$P$21:$AB$33, MATCH(S20/$AH20, F!$O$21:$O$33,1), MATCH(E20, F!$P$20:$AB$20,1)),0) + IFERROR(Y20*INDEX(F!$P$21:$AB$33, MATCH(W20/$AH20, F!$O$21:$O$33,1), MATCH(E20, F!$P$20:$AB$20,1)),0) + IFERROR( AC20*INDEX(F!$P$21:$AB$33, MATCH(AA20/$AH20, F!$O$21:$O$33,1), MATCH(E20, F!$P$20:$AB$20,1)),)} -> 0
E21: =ROUND(IFERROR(SUMPRODUCT(AJ13:AJ20,E13:E20)/AJ21,0),3) -> 0.995 | AE21: =SUM(AE13:AE20) -> 5897.5 | AF21: =IFERROR(AE21/AJ21,0) -> 52.190265 | AG21: =IFERROR( SUMPRODUCT(AG13:AG20,AJ13:AJ20)/AJ21,0) -> 0.55368147 | AI21: =SUM(AI13:AI20) -> 5313.985 | AJ21: =SUM(AJ13:AJ20) -> 113 | AK21: =IF(SUM(AK13:AK20)=0,TIME(,0,),TIME(,SUM(AK13:AK20)+F!$V$37,)) -> 0.095138889
A22: =A23 -> 43784 | B22: Тяжелая | C22: ПР | D22: Присед | E22: 1.2 | G22: =IF(J22<>0, IFERROR(IF( $F22=2, MROUND($AH22*J22,1), IF( OR($F22="",$F22=1), MROUND($AH22*J22,2.5), MROUND($AH22*J22, 0.1))), "" ), "") -> 87.5 | H22: 3 | I22: 1 | J22: 0.65 | K22: =IF(N22<>0, IFERROR(IF( $F22=2, MROUND($AH22*N22,1), IF( OR($F22="",$F22=1), MROUND($AH22*N22,2.5), MROUND($AH22*N22, 0.1))), "" ), "") -> 102.5 | L22: 2 | M22: 2 | N22: 0.75 | O22: =IF(R22<>0, IFERROR(IF( $F22=2, MROUND($AH22*R22,1), IF( OR($F22="",$F22=1), MROUND($AH22*R22,2.5), MROUND($AH22*R22, 0.1))), "" ), "") -> 115 | P22: 1 | Q22: 2 | R22: 0.85 | S22: =IF(V22<>0, IFERROR(IF( $F22=2, MROUND($AH22*V22,1), IF( OR($F22="",$F22=1), MROUND($AH22*V22,2.5), MROUND($AH22*V22, 0.1))), "" ), "") | W22: =IF(Z22<>0, IFERROR(IF( $F22=2, MROUND($AH22*Z22,1), IF( OR($F22="",$F22=1), MROUND($AH22*Z22,2.5), MROUND($AH22*Z22, 0.1))), "" ), "") | AA22: =IF(AD22<>0, IFERROR(IF( $F22=2, MROUND($AH22*AD22,1), IF( OR($F22="",$F22=1), MROUND($AH22*AD22,2.5), MROUND($AH22*AD22, 0.1))), "" ), "") | AE22: =(IF(ISNUMBER(G22),G22,0)*H22*I22+IF(ISNUMBER(K22),K22,1)*L22*M22+IF(ISNUMBER(O22),O22,1)*P22*Q22+IF(ISNUMBER(S22),S22,1)*T22*U22+IF(ISNUMBER(W22),W22,1)*X22*Y22+IF(ISNUMBER(AA22),AA22,1)*AB22*AC22)*IF(ISNUMBER(F22),F22,1) -> 902.5 | AF22: =IFERROR(AE22/AJ22,0) -> 100.27778 | AG22: =IFERROR((AF22/(AH22*IF(ISNUMBER(F22),F22,1))),0) -> 0.74279835 | AH22: =AH4 -> 135 | AI22: =( IF(ISNUMBER(G22), VLOOKUP(G22/$AH22,F!$A1:$B101,2,1)*G22*$H22*$I22,0)+IF(ISNUMBER(K22), VLOOKUP(K22/$AH22,F!$A1:$B101,2,1)*K22*$L22*$M22,0)+IF(ISNUMBER(O22), VLOOKUP(O22/$AH22,F!$A1:$B101,2,1)*O22*$P22*$Q22,0)+IF(ISNUMBER(S22), VLOOKUP(S22/$AH22,F!$A1:$B101,2,1)*S22*$T22*$U22,0)+IF(ISNUMBER(W22), VLOOKUP(W22/$AH22,F!$A1:$B101,2,1)*W22*$X22*$Y22,0)+IF(ISNUMBER(AA22), VLOOKUP(AA22/$AH22,F!$A1:$B101,2,1)*AA22*$AB22*$AC22,0))*IF(ISNUMBER(F22),F22,1)*IF(ISNUMBER(E22),E22,1) -> 1360.5 | AJ22: =H22*I22+L22*M22+P22*Q22+T22*U22+X22*Y22+AB22*AC22 -> 9 | AK22: {=IFERROR(I22*INDEX(F!$P$21:$AB$33, MATCH(G22/$AH22, F!$O$21:$O$33,1), MATCH(E22, F!$P$20:$AB$20,1)), 0 ) +IFERROR( M22*INDEX(F!$P$21:$AB$33, MATCH(K22/$AH22, F!$O$21:$O$33,1), MATCH(E22, F!$P$20:$AB$20,1)),0) + IFERROR( Q22*INDEX(F!$P$21:$AB$33, MATCH(O22/$AH22, F!$O$21:$O$33,1), MATCH(E22, F!$P$20:$AB$20,1)), 0) + IFERROR( U22*INDEX(F!$P$21:$AB$33, MATCH(S22/$AH22, F!$O$21:$O$33,1), MATCH(E22, F!$P$20:$AB$20,1)),0) + IFERROR(Y22*INDEX(F!$P$21:$AB$33, MATCH(W22/$AH22, F!$O$21:$O$33,1), MATCH(E22, F!$P$20:$AB$20,1)),0) + IFERROR( AC22*INDEX(F!$P$21:$AB$33, MATCH(AA22/$AH22, F!$O$21:$O$33,1), MATCH(E22, F!$P$20:$AB$20,1)),)} -> 27
A23: 43784 | B23: Тяжелая | C23: ЖМ | D23: Жим лежа | E23: 1 | G23: =IF(J23<>0, IFERROR(IF( $F23=2, MROUND($AH23*J23,1), IF( OR($F23="",$F23=1), MROUND($AH23*J23,2.5), MROUND($AH23*J23, 0.1))), "" ), "") -> 57.5 | H23: 3 | I23: 1 | J23: 0.6 | K23: =IF(N23<>0, IFERROR(IF( $F23=2, MROUND($AH23*N23,1), IF( OR($F23="",$F23=1), MROUND($AH23*N23,2.5), MROUND($AH23*N23, 0.1))), "" ), "") -> 72.5 | L23: 3 | M23: 4 | N23: 0.75 | O23: =IF(R23<>0, IFERROR(IF( $F23=2, MROUND($AH23*R23,1), IF( OR($F23="",$F23=1), MROUND($AH23*R23,2.5), MROUND($AH23*R23, 0.1))), "" ), "") | S23: =IF(V23<>0, IFERROR(IF( $F23=2, MROUND($AH23*V23,1), IF( OR($F23="",$F23=1), MROUND($AH23*V23,2.5), MROUND($AH23*V23, 0.1))), "" ), "") | W23: =IF(Z23<>0, IFERROR(IF( $F23=2, MROUND($AH23*Z23,1), IF( OR($F23="",$F23=1), MROUND($AH23*Z23,2.5), MROUND($AH23*Z23, 0.1))), "" ), "") | AA23: =IF(AD23<>0, IFERROR(IF( $F23=2, MROUND($AH23*AD23,1), IF( OR($F23="",$F23=1), MROUND($AH23*AD23,2.5), MROUND($AH23*AD23, 0.1))), "" ), "") | AE23: =(IF(ISNUMBER(G23),G23,0)*H23*I23+IF(ISNUMBER(K23),K23,1)*L23*M23+IF(ISNUMBER(O23),O23,1)*P23*Q23+IF(ISNUMBER(S23),S23,1)*T23*U23+IF(ISNUMBER(W23),W23,1)*X23*Y23+IF(ISNUMBER(AA23),AA23,1)*AB23*AC23)*IF(ISNUMBER(F23),F23,1) -> 1042.5 | AF23: =IFERROR(AE23/AJ23,0) -> 69.5 | AG23: =IFERROR((AF23/(AH23*IF(ISNUMBER(F23),F23,1))),0) -> 0.73157895 | AH23: =AH5 -> 95 | AI23: =( IF(ISNUMBER(G23), VLOOKUP(G23/$AH23,F!$A1:$B101,2,1)*G23*$H23*$I23,0)+IF(ISNUMBER(K23), VLOOKUP(K23/$AH23,F!$A1:$B101,2,1)*K23*$L23*$M23,0)+IF(ISNUMBER(O23), VLOOKUP(O23/$AH23,F!$A1:$B101,2,1)*O23*$P23*$Q23,0)+IF(ISNUMBER(S23), VLOOKUP(S23/$AH23,F!$A1:$B101,2,1)*S23*$T23*$U23,0)+IF(ISNUMBER(W23), VLOOKUP(W23/$AH23,F!$A1:$B101,2,1)*W23*$X23*$Y23,0)+IF(ISNUMBER(AA23), VLOOKUP(AA23/$AH23,F!$A1:$B101,2,1)*AA23*$AB23*$AC23,0))*IF(ISNUMBER(F23),F23,1)*IF(ISNUMBER(E23),E23,1) -> 1225.65 | AJ23: =H23*I23+L23*M23+P23*Q23+T23*U23+X23*Y23+AB23*AC23 -> 15 | AK23: {=IFERROR(I23*INDEX(F!$P$21:$AB$33, MATCH(G23/$AH23, F!$O$21:$O$33,1), MATCH(E23, F!$P$20:$AB$20,1)), 0 ) +IFERROR( M23*INDEX(F!$P$21:$AB$33, MATCH(K23/$AH23, F!$O$21:$O$33,1), MATCH(E23, F!$P$20:$AB$20,1)),0) + IFERROR( Q23*INDEX(F!$P$21:$AB$33, MATCH(O23/$AH23, F!$O$21:$O$33,1), MATCH(E23, F!$P$20:$AB$20,1)), 0) + IFERROR( U23*INDEX(F!$P$21:$AB$33, MATCH(S23/$AH23, F!$O$21:$O$33,1), MATCH(E23, F!$P$20:$AB$20,1)),0) + IFERROR(Y23*INDEX(F!$P$21:$AB$33, MATCH(W23/$AH23, F!$O$21:$O$33,1), MATCH(E23, F!$P$20:$AB$20,1)),0) + IFERROR( AC23*INDEX(F!$P$21:$AB$33, MATCH(AA23/$AH23, F!$O$21:$O$33,1), MATCH(E23, F!$P$20:$AB$20,1)),)} -> 19
B24: Средняя | C24: ПР | D24: Присед | E24: 1.2 | G24: =IF(J24<>0, IFERROR(IF( $F24=2, MROUND($AH24*J24,1), IF( OR($F24="",$F24=1), MROUND($AH24*J24,2.5), MROUND($AH24*J24, 0.1))), "" ), "") -> 80 | H24: 4 | I24: 4 | J24: 0.6 | K24: =IF(N24<>0, IFERROR(IF( $F24=2, MROUND($AH24*N24,1), IF( OR($F24="",$F24=1), MROUND($AH24*N24,2.5), MROUND($AH24*N24, 0.1))), "" ), "") | O24: =IF(R24<>0, IFERROR(IF( $F24=2, MROUND($AH24*R24,1), IF( OR($F24="",$F24=1), MROUND($AH24*R24,2.5), MROUND($AH24*R24, 0.1))), "" ), "") | S24: =IF(V24<>0, IFERROR(IF( $F24=2, MROUND($AH24*V24,1), IF( OR($F24="",$F24=1), MROUND($AH24*V24,2.5), MROUND($AH24*V24, 0.1))), "" ), "") | W24: =IF(Z24<>0, IFERROR(IF( $F24=2, MROUND($AH24*Z24,1), IF( OR($F24="",$F24=1), MROUND($AH24*Z24,2.5), MROUND($AH24*Z24, 0.1))), "" ), "") | AA24: =IF(AD24<>0, IFERROR(IF( $F24=2, MROUND($AH24*AD24,1), IF( OR($F24="",$F24=1), MROUND($AH24*AD24,2.5), MROUND($AH24*AD24, 0.1))), "" ), "") | AE24: =(IF(ISNUMBER(G24),G24,0)*H24*I24+IF(ISNUMBER(K24),K24,1)*L24*M24+IF(ISNUMBER(O24),O24,1)*P24*Q24+IF(ISNUMBER(S24),S24,1)*T24*U24+IF(ISNUMBER(W24),W24,1)*X24*Y24+IF(ISNUMBER(AA24),AA24,1)*AB24*AC24)*IF(ISNUMBER(F24),F24,1) -> 1280 | AF24: =IFERROR(AE24/AJ24,0) -> 80 | AG24: =IFERROR((AF24/(AH24*IF(ISNUMBER(F24),F24,1))),0) -> 0.59259259 | AH24: =AH22 -> 135 | AI24: =( IF(ISNUMBER(G24), VLOOKUP(G24/$AH24,F!$A1:$B101,2,1)*G24*$H24*$I24,0)+IF(ISNUMBER(K24), VLOOKUP(K24/$AH24,F!$A1:$B101,2,1)*K24*$L24*$M24,0)+IF(ISNUMBER(O24), VLOOKUP(O24/$AH24,F!$A1:$B101,2,1)*O24*$P24*$Q24,0)+IF(ISNUMBER(S24), VLOOKUP(S24/$AH24,F!$A1:$B101,2,1)*S24*$T24*$U24,0)+IF(ISNUMBER(W24), VLOOKUP(W24/$AH24,F!$A1:$B101,2,1)*W24*$X24*$Y24,0)+IF(ISNUMBER(AA24), VLOOKUP(AA24/$AH24,F!$A1:$B101,2,1)*AA24*$AB24*$AC24,0))*IF(ISNUMBER(F24),F24,1)*IF(ISNUMBER(E24),E24,1) -> 1044.48 | AJ24: =H24*I24+L24*M24+P24*Q24+T24*U24+X24*Y24+AB24*AC24 -> 16 | AK24: {=IFERROR(I24*INDEX(F!$P$21:$AB$33, MATCH(G24/$AH24, F!$O$21:$O$33,1), MATCH(E24, F!$P$20:$AB$20,1)), 0 ) +IFERROR( M24*INDEX(F!$P$21:$AB$33, MATCH(K24/$AH24, F!$O$21:$O$33,1), MATCH(E24, F!$P$20:$AB$20,1)),0) + IFERROR( Q24*INDEX(F!$P$21:$AB$33, MATCH(O24/$AH24, F!$O$21:$O$33,1), MATCH(E24, F!$P$20:$AB$20,1)), 0) + IFERROR( U24*INDEX(F!$P$21:$AB$33, MATCH(S24/$AH24, F!$O$21:$O$33,1), MATCH(E24, F!$P$20:$AB$20,1)),0) + IFERROR(Y24*INDEX(F!$P$21:$AB$33, MATCH(W24/$AH24, F!$O$21:$O$33,1), MATCH(E24, F!$P$20:$AB$20,1)),0) + IFERROR( AC24*INDEX(F!$P$21:$AB$33, MATCH(AA24/$AH24, F!$O$21:$O$33,1), MATCH(E24, F!$P$20:$AB$20,1)),)} -> 16
B25: Тяжелая | C25: ЖМ | D25: Жим на наклонной скамье | E25: 1 | G25: =IF(J25<>0, IFERROR(IF( $F25=2, MROUND($AH25*J25,1), IF( OR($F25="",$F25=1), MROUND($AH25*J25,2.5), MROUND($AH25*J25, 0.1))), "" ), "") -> 45 | H25: 4 | I25: 1 | J25: 0.6 | K25: =IF(N25<>0, IFERROR(IF( $F25=2, MROUND($AH25*N25,1), IF( OR($F25="",$F25=1), MROUND($AH25*N25,2.5), MROUND($AH25*N25, 0.1))), "" ), "") -> 52.5 | L25: 4 | M25: 4 | N25: 0.7 | O25: =IF(R25<>0, IFERROR(IF( $F25=2, MROUND($AH25*R25,1), IF( OR($F25="",$F25=1), MROUND($AH25*R25,2.5), MROUND($AH25*R25, 0.1))), "" ), "") | S25: =IF(V25<>0, IFERROR(IF( $F25=2, MROUND($AH25*V25,1), IF( OR($F25="",$F25=1), MROUND($AH25*V25,2.5), MROUND($AH25*V25, 0.1))), "" ), "") | W25: =IF(Z25<>0, IFERROR(IF( $F25=2, MROUND($AH25*Z25,1), IF( OR($F25="",$F25=1), MROUND($AH25*Z25,2.5), MROUND($AH25*Z25, 0.1))), "" ), "") | AA25: =IF(AD25<>0, IFERROR(IF( $F25=2, MROUND($AH25*AD25,1), IF( OR($F25="",$F25=1), MROUND($AH25*AD25,2.5), MROUND($AH25*AD25, 0.1))), "" ), "") | AE25: =(IF(ISNUMBER(G25),G25,0)*H25*I25+IF(ISNUMBER(K25),K25,1)*L25*M25+IF(ISNUMBER(O25),O25,1)*P25*Q25+IF(ISNUMBER(S25),S25,1)*T25*U25+IF(ISNUMBER(W25),W25,1)*X25*Y25+IF(ISNUMBER(AA25),AA25,1)*AB25*AC25)*IF(ISNUMBER(F25),F25,1) -> 1020 | AF25: =IFERROR(AE25/AJ25,0) -> 51 | AG25: =IFERROR((AF25/(AH25*IF(ISNUMBER(F25),F25,1))),0) -> 0.67105263 | AH25: =AH23*0.8 -> 76 | AI25: =( IF(ISNUMBER(G25), VLOOKUP(G25/$AH25,F!$A1:$B101,2,1)*G25*$H25*$I25,0)+IF(ISNUMBER(K25), VLOOKUP(K25/$AH25,F!$A1:$B101,2,1)*K25*$L25*$M25,0)+IF(ISNUMBER(O25), VLOOKUP(O25/$AH25,F!$A1:$B101,2,1)*O25*$P25*$Q25,0)+IF(ISNUMBER(S25), VLOOKUP(S25/$AH25,F!$A1:$B101,2,1)*S25*$T25*$U25,0)+IF(ISNUMBER(W25), VLOOKUP(W25/$AH25,F!$A1:$B101,2,1)*W25*$X25*$Y25,0)+IF(ISNUMBER(AA25), VLOOKUP(AA25/$AH25,F!$A1:$B101,2,1)*AA25*$AB25*$AC25,0))*IF(ISNUMBER(F25),F25,1)*IF(ISNUMBER(E25),E25,1) -> 870 | AJ25: =H25*I25+L25*M25+P25*Q25+T25*U25+X25*Y25+AB25*AC25 -> 20 | AK25: {=IFERROR(I25*INDEX(F!$P$21:$AB$33, MATCH(G25/$AH25, F!$O$21:$O$33,1), MATCH(E25, F!$P$20:$AB$20,1)), 0 ) +IFERROR( M25*INDEX(F!$P$21:$AB$33, MATCH(K25/$AH25, F!$O$21:$O$33,1), MATCH(E25, F!$P$20:$AB$20,1)),0) + IFERROR( Q25*INDEX(F!$P$21:$AB$33, MATCH(O25/$AH25, F!$O$21:$O$33,1), MATCH(E25, F!$P$20:$AB$20,1)), 0) + IFERROR( U25*INDEX(F!$P$21:$AB$33, MATCH(S25/$AH25, F!$O$21:$O$33,1), MATCH(E25, F!$P$20:$AB$20,1)),0) + IFERROR(Y25*INDEX(F!$P$21:$AB$33, MATCH(W25/$AH25, F!$O$21:$O$33,1), MATCH(E25, F!$P$20:$AB$20,1)),0) + IFERROR( AC25*INDEX(F!$P$21:$AB$33, MATCH(AA25/$AH25, F!$O$21:$O$33,1), MATCH(E25, F!$P$20:$AB$20,1)),)} -> 15
B26: Средняя | C26: ОФП | D26: Бицепс стоя | E26: 0.5 | G26: =IF(J26<>0, IFERROR(IF( $F26=2, MROUND($AH26*J26,1), IF( OR($F26="",$F26=1), MROUND($AH26*J26,2.5), MROUND($AH26*J26, 0.1))), "" ), "") | H26: 5 | I26: 1 | J26: 0.5 | K26: =IF(N26<>0, IFERROR(IF( $F26=2, MROUND($AH26*N26,1), IF( OR($F26="",$F26=1), MROUND($AH26*N26,2.5), MROUND($AH26*N26, 0.1))), "" ), "") | L26: 5 | M26: 5 | N26: 0.6 | O26: =IF(R26<>0, IFERROR(IF( $F26=2, MROUND($AH26*R26,1), IF( OR($F26="",$F26=1), MROUND($AH26*R26,2.5), MROUND($AH26*R26, 0.1))), "" ), "") | S26: =IF(V26<>0, IFERROR(IF( $F26=2, MROUND($AH26*V26,1), IF( OR($F26="",$F26=1), MROUND($AH26*V26,2.5), MROUND($AH26*V26, 0.1))), "" ), "") | W26: =IF(Z26<>0, IFERROR(IF( $F26=2, MROUND($AH26*Z26,1), IF( OR($F26="",$F26=1), MROUND($AH26*Z26,2.5), MROUND($AH26*Z26, 0.1))), "" ), "") | AA26: =IF(AD26<>0, IFERROR(IF( $F26=2, MROUND($AH26*AD26,1), IF( OR($F26="",$F26=1), MROUND($AH26*AD26,2.5), MROUND($AH26*AD26, 0.1))), "" ), "") | AE26: =(IF(ISNUMBER(G26),G26,0)*H26*I26+IF(ISNUMBER(K26),K26,1)*L26*M26+IF(ISNUMBER(O26),O26,1)*P26*Q26+IF(ISNUMBER(S26),S26,1)*T26*U26+IF(ISNUMBER(W26),W26,1)*X26*Y26+IF(ISNUMBER(AA26),AA26,1)*AB26*AC26)*IF(ISNUMBER(F26),F26,1) -> 25 | AF26: =IFERROR(AE26/AJ26,0) -> 0.83333333 | AG26: =IFERROR((AF26/(AH26*IF(ISNUMBER(F26),F26,1))),0) -> 0 | AH26: . | AI26: =( IF(ISNUMBER(G26), VLOOKUP(G26/$AH26,F!$A1:$B101,2,1)*G26*$H26*$I26,0)+IF(ISNUMBER(K26), VLOOKUP(K26/$AH26,F!$A1:$B101,2,1)*K26*$L26*$M26,0)+IF(ISNUMBER(O26), VLOOKUP(O26/$AH26,F!$A1:$B101,2,1)*O26*$P26*$Q26,0)+IF(ISNUMBER(S26), VLOOKUP(S26/$AH26,F!$A1:$B101,2,1)*S26*$T26*$U26,0)+IF(ISNUMBER(W26), VLOOKUP(W26/$AH26,F!$A1:$B101,2,1)*W26*$X26*$Y26,0)+IF(ISNUMBER(AA26), VLOOKUP(AA26/$AH26,F!$A1:$B101,2,1)*AA26*$AB26*$AC26,0))*IF(ISNUMBER(F26),F26,1)*IF(ISNUMBER(E26),E26,1) -> 0 | AJ26: =H26*I26+L26*M26+P26*Q26+T26*U26+X26*Y26+AB26*AC26 -> 30 | AK26: {=IFERROR(I26*INDEX(F!$P$21:$AB$33, MATCH(G26/$AH26, F!$O$21:$O$33,1), MATCH(E26, F!$P$20:$AB$20,1)), 0 ) +IFERROR( M26*INDEX(F!$P$21:$AB$33, MATCH(K26/$AH26, F!$O$21:$O$33,1), MATCH(E26, F!$P$20:$AB$20,1)),0) + IFERROR( Q26*INDEX(F!$P$21:$AB$33, MATCH(O26/$AH26, F!$O$21:$O$33,1), MATCH(E26, F!$P$20:$AB$20,1)), 0) + IFERROR( U26*INDEX(F!$P$21:$AB$33, MATCH(S26/$AH26, F!$O$21:$O$33,1), MATCH(E26, F!$P$20:$AB$20,1)),0) + IFERROR(Y26*INDEX(F!$P$21:$AB$33, MATCH(W26/$AH26, F!$O$21:$O$33,1), MATCH(E26, F!$P$20:$AB$20,1)),0) + IFERROR( AC26*INDEX(F!$P$21:$AB$33, MATCH(AA26/$AH26, F!$O$21:$O$33,1), MATCH(E26, F!$P$20:$AB$20,1)),)} -> 0
K27: =IF(N27<>0, IFERROR(IF( $F27=2, MROUND($AH27*N27,1), IF( OR($F27="",$F27=1), MROUND($AH27*N27,2.5), MROUND($AH27*N27, 0.1))), "" ), "") | O27: =IF(R27<>0, IFERROR(IF( $F27=2, MROUND($AH27*R27,1), IF( OR($F27="",$F27=1), MROUND($AH27*R27,2.5), MROUND($AH27*R27, 0.1))), "" ), "") | S27: =IF(V27<>0, IFERROR(IF( $F27=2, MROUND($AH27*V27,1), IF( OR($F27="",$F27=1), MROUND($AH27*V27,2.5), MROUND($AH27*V27, 0.1))), "" ), "") | W27: =IF(Z27<>0, IFERROR(IF( $F27=2, MROUND($AH27*Z27,1), IF( OR($F27="",$F27=1), MROUND($AH27*Z27,2.5), MROUND($AH27*Z27, 0.1))), "" ), "") | AA27: =IF(AD27<>0, IFERROR(IF( $F27=2, MROUND($AH27*AD27,1), IF( OR($F27="",$F27=1), MROUND($AH27*AD27,2.5), MROUND($AH27*AD27, 0.1))), "" ), "") | AE27: =(IF(ISNUMBER(G27),G27,0)*H27*I27+IF(ISNUMBER(K27),K27,1)*L27*M27+IF(ISNUMBER(O27),O27,1)*P27*Q27+IF(ISNUMBER(S27),S27,1)*T27*U27+IF(ISNUMBER(W27),W27,1)*X27*Y27+IF(ISNUMBER(AA27),AA27,1)*AB27*AC27)*IF(ISNUMBER(F27),F27,1) -> 0 | AF27: =IFERROR(AE27/AJ27,0) -> 0 | AG27: =IFERROR((AF27/(AH27*IF(ISNUMBER(F27),F27,1))),0) -> 0 | AI27: =( IF(ISNUMBER(G27), VLOOKUP(G27/$AH27,F!$A1:$B101,2,1)*G27*$H27*$I27,0)+IF(ISNUMBER(K27), VLOOKUP(K27/$AH27,F!$A1:$B101,2,1)*K27*$L27*$M27,0)+IF(ISNUMBER(O27), VLOOKUP(O27/$AH27,F!$A1:$B101,2,1)*O27*$P27*$Q27,0)+IF(ISNUMBER(S27), VLOOKUP(S27/$AH27,F!$A1:$B101,2,1)*S27*$T27*$U27,0)+IF(ISNUMBER(W27), VLOOKUP(W27/$AH27,F!$A1:$B101,2,1)*W27*$X27*$Y27,0)+IF(ISNUMBER(AA27), VLOOKUP(AA27/$AH27,F!$A1:$B101,2,1)*AA27*$AB27*$AC27,0))*IF(ISNUMBER(F27),F27,1)*IF(ISNUMBER(E27),E27,1) -> 0 | AJ27: =H27*I27+L27*M27+P27*Q27+T27*U27+X27*Y27+AB27*AC27 -> 0 | AK27: {=IFERROR(I27*INDEX(F!$P$21:$AB$33, MATCH(G27/$AH27, F!$O$21:$O$33,1), MATCH(E27, F!$P$20:$AB$20,1)), 0 ) +IFERROR( M27*INDEX(F!$P$21:$AB$33, MATCH(K27/$AH27, F!$O$21:$O$33,1), MATCH(E27, F!$P$20:$AB$20,1)),0) + IFERROR( Q27*INDEX(F!$P$21:$AB$33, MATCH(O27/$AH27, F!$O$21:$O$33,1), MATCH(E27, F!$P$20:$AB$20,1)), 0) + IFERROR( U27*INDEX(F!$P$21:$AB$33, MATCH(S27/$AH27, F!$O$21:$O$33,1), MATCH(E27, F!$P$20:$AB$20,1)),0) + IFERROR(Y27*INDEX(F!$P$21:$AB$33, MATCH(W27/$AH27, F!$O$21:$O$33,1), MATCH(E27, F!$P$20:$AB$20,1)),0) + IFERROR( AC27*INDEX(F!$P$21:$AB$33, MATCH(AA27/$AH27, F!$O$21:$O$33,1), MATCH(E27, F!$P$20:$AB$20,1)),)} -> 0
K28: =IF(N28<>0, IFERROR(IF( $F28=2, MROUND($AH28*N28,1), IF( OR($F28="",$F28=1), MROUND($AH28*N28,2.5), MROUND($AH28*N28, 0.1))), "" ), "") | O28: =IF(R28<>0, IFERROR(IF( $F28=2, MROUND($AH28*R28,1), IF( OR($F28="",$F28=1), MROUND($AH28*R28,2.5), MROUND($AH28*R28, 0.1))), "" ), "") | S28: =IF(V28<>0, IFERROR(IF( $F28=2, MROUND($AH28*V28,1), IF( OR($F28="",$F28=1), MROUND($AH28*V28,2.5), MROUND($AH28*V28, 0.1))), "" ), "") | W28: =IF(Z28<>0, IFERROR(IF( $F28=2, MROUND($AH28*Z28,1), IF( OR($F28="",$F28=1), MROUND($AH28*Z28,2.5), MROUND($AH28*Z28, 0.1))), "" ), "") | AA28: =IF(AD28<>0, IFERROR(IF( $F28=2, MROUND($AH28*AD28,1), IF( OR($F28="",$F28=1), MROUND($AH28*AD28,2.5), MROUND($AH28*AD28, 0.1))), "" ), "") | AE28: =(IF(ISNUMBER(G28),G28,0)*H28*I28+IF(ISNUMBER(K28),K28,1)*L28*M28+IF(ISNUMBER(O28),O28,1)*P28*Q28+IF(ISNUMBER(S28),S28,1)*T28*U28+IF(ISNUMBER(W28),W28,1)*X28*Y28+IF(ISNUMBER(AA28),AA28,1)*AB28*AC28)*IF(ISNUMBER(F28),F28,1) -> 0 | AF28: =IFERROR(AE28/AJ28,0) -> 0 | AG28: =IFERROR((AF28/(AH28*IF(ISNUMBER(F28),F28,1))),0) -> 0 | AI28: =( IF(ISNUMBER(G28), VLOOKUP(G28/$AH28,F!$A1:$B101,2,1)*G28*$H28*$I28,0)+IF(ISNUMBER(K28), VLOOKUP(K28/$AH28,F!$A1:$B101,2,1)*K28*$L28*$M28,0)+IF(ISNUMBER(O28), VLOOKUP(O28/$AH28,F!$A1:$B101,2,1)*O28*$P28*$Q28,0)+IF(ISNUMBER(S28), VLOOKUP(S28/$AH28,F!$A1:$B101,2,1)*S28*$T28*$U28,0)+IF(ISNUMBER(W28), VLOOKUP(W28/$AH28,F!$A1:$B101,2,1)*W28*$X28*$Y28,0)+IF(ISNUMBER(AA28), VLOOKUP(AA28/$AH28,F!$A1:$B101,2,1)*AA28*$AB28*$AC28,0))*IF(ISNUMBER(F28),F28,1)*IF(ISNUMBER(E28),E28,1) -> 0 | AJ28: =H28*I28+L28*M28+P28*Q28+T28*U28+X28*Y28+AB28*AC28 -> 0 | AK28: {=IFERROR(I28*INDEX(F!$P$21:$AB$33, MATCH(G28/$AH28, F!$O$21:$O$33,1), MATCH(E28, F!$P$20:$AB$20,1)), 0 ) +IFERROR( M28*INDEX(F!$P$21:$AB$33, MATCH(K28/$AH28, F!$O$21:$O$33,1), MATCH(E28, F!$P$20:$AB$20,1)),0) + IFERROR( Q28*INDEX(F!$P$21:$AB$33, MATCH(O28/$AH28, F!$O$21:$O$33,1), MATCH(E28, F!$P$20:$AB$20,1)), 0) + IFERROR( U28*INDEX(F!$P$21:$AB$33, MATCH(S28/$AH28, F!$O$21:$O$33,1), MATCH(E28, F!$P$20:$AB$20,1)),0) + IFERROR(Y28*INDEX(F!$P$21:$AB$33, MATCH(W28/$AH28, F!$O$21:$O$33,1), MATCH(E28, F!$P$20:$AB$20,1)),0) + IFERROR( AC28*INDEX(F!$P$21:$AB$33, MATCH(AA28/$AH28, F!$O$21:$O$33,1), MATCH(E28, F!$P$20:$AB$20,1)),)} -> 0
G29: =IF(J29<>0, IFERROR(IF( $F29=2, MROUND($AH29*J29,1), IF( OR($F29="",$F29=1), MROUND($AH29*J29,2.5), MROUND($AH29*J29, 0.1))), "" ), "") | K29: =IF(N29<>0, IFERROR(IF( $F29=2, MROUND($AH29*N29,1), IF( OR($F29="",$F29=1), MROUND($AH29*N29,2.5), MROUND($AH29*N29, 0.1))), "" ), "") | O29: =IF(R29<>0, IFERROR(IF( $F29=2, MROUND($AH29*R29,1), IF( OR($F29="",$F29=1), MROUND($AH29*R29,2.5), MROUND($AH29*R29, 0.1))), "" ), "") | S29: =IF(V29<>0, IFERROR(IF( $F29=2, MROUND($AH29*V29,1), IF( OR($F29="",$F29=1), MROUND($AH29*V29,2.5), MROUND($AH29*V29, 0.1))), "" ), "") | W29: =IF(Z29<>0, IFERROR(IF( $F29=2, MROUND($AH29*Z29,1), IF( OR($F29="",$F29=1), MROUND($AH29*Z29,2.5), MROUND($AH29*Z29, 0.1))), "" ), "") | AA29: =IF(AD29<>0, IFERROR(IF( $F29=2, MROUND($AH29*AD29,1), IF( OR($F29="",$F29=1), MROUND($AH29*AD29,2.5), MROUND($AH29*AD29, 0.1))), "" ), "") | AE29: =(IF(ISNUMBER(G29),G29,0)*H29*I29+IF(ISNUMBER(K29),K29,1)*L29*M29+IF(ISNUMBER(O29),O29,1)*P29*Q29+IF(ISNUMBER(S29),S29,1)*T29*U29+IF(ISNUMBER(W29),W29,1)*X29*Y29+IF(ISNUMBER(AA29),AA29,1)*AB29*AC29)*IF(ISNUMBER(F29),F29,1) -> 0 | AF29: =IFERROR(AE29/AJ29,0) -> 0 | AG29: =IFERROR((AF29/(AH29*IF(ISNUMBER(F29),F29,1))),0) -> 0 | AI29: =( IF(ISNUMBER(G29), VLOOKUP(G29/$AH29,F!$A1:$B101,2,1)*G29*$H29*$I29,0)+IF(ISNUMBER(K29), VLOOKUP(K29/$AH29,F!$A1:$B101,2,1)*K29*$L29*$M29,0)+IF(ISNUMBER(O29), VLOOKUP(O29/$AH29,F!$A1:$B101,2,1)*O29*$P29*$Q29,0)+IF(ISNUMBER(S29), VLOOKUP(S29/$AH29,F!$A1:$B101,2,1)*S29*$T29*$U29,0)+IF(ISNUMBER(W29), VLOOKUP(W29/$AH29,F!$A1:$B101,2,1)*W29*$X29*$Y29,0)+IF(ISNUMBER(AA29), VLOOKUP(AA29/$AH29,F!$A1:$B101,2,1)*AA29*$AB29*$AC29,0))*IF(ISNUMBER(F29),F29,1)*IF(ISNUMBER(E29),E29,1) -> 0 | AJ29: =H29*I29+L29*M29+P29*Q29+T29*U29+X29*Y29+AB29*AC29 -> 0 | AK29: {=IFERROR(I29*INDEX(F!$P$21:$AB$33, MATCH(G29/$AH29, F!$O$21:$O$33,1), MATCH(E29, F!$P$20:$AB$20,1)), 0 ) +IFERROR( M29*INDEX(F!$P$21:$AB$33, MATCH(K29/$AH29, F!$O$21:$O$33,1), MATCH(E29, F!$P$20:$AB$20,1)),0) + IFERROR( Q29*INDEX(F!$P$21:$AB$33, MATCH(O29/$AH29, F!$O$21:$O$33,1), MATCH(E29, F!$P$20:$AB$20,1)), 0) + IFERROR( U29*INDEX(F!$P$21:$AB$33, MATCH(S29/$AH29, F!$O$21:$O$33,1), MATCH(E29, F!$P$20:$AB$20,1)),0) + IFERROR(Y29*INDEX(F!$P$21:$AB$33, MATCH(W29/$AH29, F!$O$21:$O$33,1), MATCH(E29, F!$P$20:$AB$20,1)),0) + IFERROR( AC29*INDEX(F!$P$21:$AB$33, MATCH(AA29/$AH29, F!$O$21:$O$33,1), MATCH(E29, F!$P$20:$AB$20,1)),)} -> 0
E30: =ROUND(IFERROR(SUMPRODUCT(AJ22:AJ29,E22:E29)/AJ30,0),3) -> 0.889 | AE30: =SUM(AE22:AE29) -> 4270 | AF30: =IFERROR(AE30/AJ30,0) -> 47.444444 | AG30: =IFERROR( SUMPRODUCT(AG22:AG29,AJ22:AJ29)/AJ30,0) -> 0.45068226 | AI30: =SUM(AI22:AI29) -> 4500.63 | AJ30: =SUM(AJ22:AJ29) -> 90 | AK30: =IF(SUM(AK22:AK29)=0,TIME(,0,),TIME(,SUM(AK22:AK29)+F!$V$37,)) -> 0.074305556
A31: =A32 -> 43785 | G31: =IF(J31<>0, IFERROR(IF( $F31=2, MROUND($AH31*J31,1), IF( OR($F31="",$F31=1), MROUND($AH31*J31,2.5), MROUND($AH31*J31, 0.1))), "" ), "") | K31: =IF(N31<>0, IFERROR(IF( $F31=2, MROUND($AH31*N31,1), IF( OR($F31="",$F31=1), MROUND($AH31*N31,2.5), MROUND($AH31*N31, 0.1))), "" ), "") | O31: =IF(R31<>0, IFERROR(IF( $F31=2, MROUND($AH31*R31,1), IF( OR($F31="",$F31=1), MROUND($AH31*R31,2.5), MROUND($AH31*R31, 0.1))), "" ), "") | S31: =IF(V31<>0, IFERROR(IF( $F31=2, MROUND($AH31*V31,1), IF( OR($F31="",$F31=1), MROUND($AH31*V31,2.5), MROUND($AH31*V31, 0.1))), "" ), "") | W31: =IF(Z31<>0, IFERROR(IF( $F31=2, MROUND($AH31*Z31,1), IF( OR($F31="",$F31=1), MROUND($AH31*Z31,2.5), MROUND($AH31*Z31, 0.1))), "" ), "") | AA31: =IF(AD31<>0, IFERROR(IF( $F31=2, MROUND($AH31*AD31,1), IF( OR($F31="",$F31=1), MROUND($AH31*AD31,2.5), MROUND($AH31*AD31, 0.1))), "" ), "") | AE31: =(IF(ISNUMBER(G31),G31,0)*H31*I31+IF(ISNUMBER(K31),K31,1)*L31*M31+IF(ISNUMBER(O31),O31,1)*P31*Q31+IF(ISNUMBER(S31),S31,1)*T31*U31+IF(ISNUMBER(W31),W31,1)*X31*Y31+IF(ISNUMBER(AA31),AA31,1)*AB31*AC31)*IF(ISNUMBER(F31),F31,1) -> 0 | AF31: =IFERROR(AE31/AJ31,0) -> 0 | AG31: =IFERROR((AF31/(AH31*IF(ISNUMBER(F31),F31,1))),0) -> 0 | AI31: =( IF(ISNUMBER(G31), VLOOKUP(G31/$AH31,F!$A1:$B101,2,1)*G31*$H31*$I31,0)+IF(ISNUMBER(K31), VLOOKUP(K31/$AH31,F!$A1:$B101,2,1)*K31*$L31*$M31,0)+IF(ISNUMBER(O31), VLOOKUP(O31/$AH31,F!$A1:$B101,2,1)*O31*$P31*$Q31,0)+IF(ISNUMBER(S31), VLOOKUP(S31/$AH31,F!$A1:$B101,2,1)*S31*$T31*$U31,0)+IF(ISNUMBER(W31), VLOOKUP(W31/$AH31,F!$A1:$B101,2,1)*W31*$X31*$Y31,0)+IF(ISNUMBER(AA31), VLOOKUP(AA31/$AH31,F!$A1:$B101,2,1)*AA31*$AB31*$AC31,0))*IF(ISNUMBER(F31),F31,1)*IF(ISNUMBER(E31),E31,1) -> 0 | AJ31: =H31*I31+L31*M31+P31*Q31+T31*U31+X31*Y31+AB31*AC31 -> 0 | AK31: {=IFERROR(I31*INDEX(F!$P$21:$AB$33, MATCH(G31/$AH31, F!$O$21:$O$33,1), MATCH(E31, F!$P$20:$AB$20,1)), 0 ) +IFERROR( M31*INDEX(F!$P$21:$AB$33, MATCH(K31/$AH31, F!$O$21:$O$33,1), MATCH(E31, F!$P$20:$AB$20,1)),0) + IFERROR( Q31*INDEX(F!$P$21:$AB$33, MATCH(O31/$AH31, F!$O$21:$O$33,1), MATCH(E31, F!$P$20:$AB$20,1)), 0) + IFERROR( U31*INDEX(F!$P$21:$AB$33, MATCH(S31/$AH31, F!$O$21:$O$33,1), MATCH(E31, F!$P$20:$AB$20,1)),0) + IFERROR(Y31*INDEX(F!$P$21:$AB$33, MATCH(W31/$AH31, F!$O$21:$O$33,1), MATCH(E31, F!$P$20:$AB$20,1)),0) + IFERROR( AC31*INDEX(F!$P$21:$AB$33, MATCH(AA31/$AH31, F!$O$21:$O$33,1), MATCH(E31, F!$P$20:$AB$20,1)),)} -> 0
A32: 43785 | G32: =IF(J32<>0, IFERROR(IF( $F32=2, MROUND($AH32*J32,1), IF( OR($F32="",$F32=1), MROUND($AH32*J32,2.5), MROUND($AH32*J32, 0.1))), "" ), "") | K32: =IF(N32<>0, IFERROR(IF( $F32=2, MROUND($AH32*N32,1), IF( OR($F32="",$F32=1), MROUND($AH32*N32,2.5), MROUND($AH32*N32, 0.1))), "" ), "") | O32: =IF(R32<>0, IFERROR(IF( $F32=2, MROUND($AH32*R32,1), IF( OR($F32="",$F32=1), MROUND($AH32*R32,2.5), MROUND($AH32*R32, 0.1))), "" ), "") | S32: =IF(V32<>0, IFERROR(IF( $F32=2, MROUND($AH32*V32,1), IF( OR($F32="",$F32=1), MROUND($AH32*V32,2.5), MROUND($AH32*V32, 0.1))), "" ), "") | W32: =IF(Z32<>0, IFERROR(IF( $F32=2, MROUND($AH32*Z32,1), IF( OR($F32="",$F32=1), MROUND($AH32*Z32,2.5), MROUND($AH32*Z32, 0.1))), "" ), "") | AA32: =IF(AD32<>0, IFERROR(IF( $F32=2, MROUND($AH32*AD32,1), IF( OR($F32="",$F32=1), MROUND($AH32*AD32,2.5), MROUND($AH32*AD32, 0.1))), "" ), "") | AE32: =(IF(ISNUMBER(G32),G32,0)*H32*I32+IF(ISNUMBER(K32),K32,1)*L32*M32+IF(ISNUMBER(O32),O32,1)*P32*Q32+IF(ISNUMBER(S32),S32,1)*T32*U32+IF(ISNUMBER(W32),W32,1)*X32*Y32+IF(ISNUMBER(AA32),AA32,1)*AB32*AC32)*IF(ISNUMBER(F32),F32,1) -> 0 | AF32: =IFERROR(AE32/AJ32,0) -> 0 | AG32: =IFERROR((AF32/(AH32*IF(ISNUMBER(F32),F32,1))),0) -> 0 | AI32: =( IF(ISNUMBER(G32), VLOOKUP(G32/$AH32,F!$A1:$B101,2,1)*G32*$H32*$I32,0)+IF(ISNUMBER(K32), VLOOKUP(K32/$AH32,F!$A1:$B101,2,1)*K32*$L32*$M32,0)+IF(ISNUMBER(O32), VLOOKUP(O32/$AH32,F!$A1:$B101,2,1)*O32*$P32*$Q32,0)+IF(ISNUMBER(S32), VLOOKUP(S32/$AH32,F!$A1:$B101,2,1)*S32*$T32*$U32,0)+IF(ISNUMBER(W32), VLOOKUP(W32/$AH32,F!$A1:$B101,2,1)*W32*$X32*$Y32,0)+IF(ISNUMBER(AA32), VLOOKUP(AA32/$AH32,F!$A1:$B101,2,1)*AA32*$AB32*$AC32,0))*IF(ISNUMBER(F32),F32,1)*IF(ISNUMBER(E32),E32,1) -> 0 | AJ32: =H32*I32+L32*M32+P32*Q32+T32*U32+X32*Y32+AB32*AC32 -> 0 | AK32: {=IFERROR(I32*INDEX(F!$P$21:$AB$33, MATCH(G32/$AH32, F!$O$21:$O$33,1), MATCH(E32, F!$P$20:$AB$20,1)), 0 ) +IFERROR( M32*INDEX(F!$P$21:$AB$33, MATCH(K32/$AH32, F!$O$21:$O$33,1), MATCH(E32, F!$P$20:$AB$20,1)),0) + IFERROR( Q32*INDEX(F!$P$21:$AB$33, MATCH(O32/$AH32, F!$O$21:$O$33,1), MATCH(E32, F!$P$20:$AB$20,1)), 0) + IFERROR( U32*INDEX(F!$P$21:$AB$33, MATCH(S32/$AH32, F!$O$21:$O$33,1), MATCH(E32, F!$P$20:$AB$20,1)),0) + IFERROR(Y32*INDEX(F!$P$21:$AB$33, MATCH(W32/$AH32, F!$O$21:$O$33,1), MATCH(E32, F!$P$20:$AB$20,1)),0) + IFERROR( AC32*INDEX(F!$P$21:$AB$33, MATCH(AA32/$AH32, F!$O$21:$O$33,1), MATCH(E32, F!$P$20:$AB$20,1)),)} -> 0
G33: =IF(J33<>0, IFERROR(IF( $F33=2, MROUND($AH33*J33,1), IF( OR($F33="",$F33=1), MROUND($AH33*J33,2.5), MROUND($AH33*J33, 0.1))), "" ), "") | K33: =IF(N33<>0, IFERROR(IF( $F33=2, MROUND($AH33*N33,1), IF( OR($F33="",$F33=1), MROUND($AH33*N33,2.5), MROUND($AH33*N33, 0.1))), "" ), "") | O33: =IF(R33<>0, IFERROR(IF( $F33=2, MROUND($AH33*R33,1), IF( OR($F33="",$F33=1), MROUND($AH33*R33,2.5), MROUND($AH33*R33, 0.1))), "" ), "") | S33: =IF(V33<>0, IFERROR(IF( $F33=2, MROUND($AH33*V33,1), IF( OR($F33="",$F33=1), MROUND($AH33*V33,2.5), MROUND($AH33*V33, 0.1))), "" ), "") | W33: =IF(Z33<>0, IFERROR(IF( $F33=2, MROUND($AH33*Z33,1), IF( OR($F33="",$F33=1), MROUND($AH33*Z33,2.5), MROUND($AH33*Z33, 0.1))), "" ), "") | AA33: =IF(AD33<>0, IFERROR(IF( $F33=2, MROUND($AH33*AD33,1), IF( OR($F33="",$F33=1), MROUND($AH33*AD33,2.5), MROUND($AH33*AD33, 0.1))), "" ), "") | AE33: =(IF(ISNUMBER(G33),G33,0)*H33*I33+IF(ISNUMBER(K33),K33,1)*L33*M33+IF(ISNUMBER(O33),O33,1)*P33*Q33+IF(ISNUMBER(S33),S33,1)*T33*U33+IF(ISNUMBER(W33),W33,1)*X33*Y33+IF(ISNUMBER(AA33),AA33,1)*AB33*AC33)*IF(ISNUMBER(F33),F33,1) -> 0 | AF33: =IFERROR(AE33/AJ33,0) -> 0 | AG33: =IFERROR((AF33/(AH33*IF(ISNUMBER(F33),F33,1))),0) -> 0 | AI33: =( IF(ISNUMBER(G33), VLOOKUP(G33/$AH33,F!$A1:$B101,2,1)*G33*$H33*$I33,0)+IF(ISNUMBER(K33), VLOOKUP(K33/$AH33,F!$A1:$B101,2,1)*K33*$L33*$M33,0)+IF(ISNUMBER(O33), VLOOKUP(O33/$AH33,F!$A1:$B101,2,1)*O33*$P33*$Q33,0)+IF(ISNUMBER(S33), VLOOKUP(S33/$AH33,F!$A1:$B101,2,1)*S33*$T33*$U33,0)+IF(ISNUMBER(W33), VLOOKUP(W33/$AH33,F!$A1:$B101,2,1)*W33*$X33*$Y33,0)+IF(ISNUMBER(AA33), VLOOKUP(AA33/$AH33,F!$A1:$B101,2,1)*AA33*$AB33*$AC33,0))*IF(ISNUMBER(F33),F33,1)*IF(ISNUMBER(E33),E33,1) -> 0 | AJ33: =H33*I33+L33*M33+P33*Q33+T33*U33+X33*Y33+AB33*AC33 -> 0 | AK33: {=IFERROR(I33*INDEX(F!$P$21:$AB$33, MATCH(G33/$AH33, F!$O$21:$O$33,1), MATCH(E33, F!$P$20:$AB$20,1)), 0 ) +IFERROR( M33*INDEX(F!$P$21:$AB$33, MATCH(K33/$AH33, F!$O$21:$O$33,1), MATCH(E33, F!$P$20:$AB$20,1)),0) + IFERROR( Q33*INDEX(F!$P$21:$AB$33, MATCH(O33/$AH33, F!$O$21:$O$33,1), MATCH(E33, F!$P$20:$AB$20,1)), 0) + IFERROR( U33*INDEX(F!$P$21:$AB$33, MATCH(S33/$AH33, F!$O$21:$O$33,1), MATCH(E33, F!$P$20:$AB$20,1)),0) + IFERROR(Y33*INDEX(F!$P$21:$AB$33, MATCH(W33/$AH33, F!$O$21:$O$33,1), MATCH(E33, F!$P$20:$AB$20,1)),0) + IFERROR( AC33*INDEX(F!$P$21:$AB$33, MATCH(AA33/$AH33, F!$O$21:$O$33,1), MATCH(E33, F!$P$20:$AB$20,1)),)} -> 0
G34: =IF(J34<>0, IFERROR(IF( $F34=2, MROUND($AH34*J34,1), IF( OR($F34="",$F34=1), MROUND($AH34*J34,2.5), MROUND($AH34*J34, 0.1))), "" ), "") | K34: =IF(N34<>0, IFERROR(IF( $F34=2, MROUND($AH34*N34,1), IF( OR($F34="",$F34=1), MROUND($AH34*N34,2.5), MROUND($AH34*N34, 0.1))), "" ), "") | O34: =IF(R34<>0, IFERROR(IF( $F34=2, MROUND($AH34*R34,1), IF( OR($F34="",$F34=1), MROUND($AH34*R34,2.5), MROUND($AH34*R34, 0.1))), "" ), "") | S34: =IF(V34<>0, IFERROR(IF( $F34=2, MROUND($AH34*V34,1), IF( OR($F34="",$F34=1), MROUND($AH34*V34,2.5), MROUND($AH34*V34, 0.1))), "" ), "") | W34: =IF(Z34<>0, IFERROR(IF( $F34=2, MROUND($AH34*Z34,1), IF( OR($F34="",$F34=1), MROUND($AH34*Z34,2.5), MROUND($AH34*Z34, 0.1))), "" ), "") | AA34: =IF(AD34<>0, IFERROR(IF( $F34=2, MROUND($AH34*AD34,1), IF( OR($F34="",$F34=1), MROUND($AH34*AD34,2.5), MROUND($AH34*AD34, 0.1))), "" ), "") | AE34: =(IF(ISNUMBER(G34),G34,0)*H34*I34+IF(ISNUMBER(K34),K34,1)*L34*M34+IF(ISNUMBER(O34),O34,1)*P34*Q34+IF(ISNUMBER(S34),S34,1)*T34*U34+IF(ISNUMBER(W34),W34,1)*X34*Y34+IF(ISNUMBER(AA34),AA34,1)*AB34*AC34)*IF(ISNUMBER(F34),F34,1) -> 0 | AF34: =IFERROR(AE34/AJ34,0) -> 0 | AG34: =IFERROR((AF34/(AH34*IF(ISNUMBER(F34),F34,1))),0) -> 0 | AI34: =( IF(ISNUMBER(G34), VLOOKUP(G34/$AH34,F!$A1:$B101,2,1)*G34*$H34*$I34,0)+IF(ISNUMBER(K34), VLOOKUP(K34/$AH34,F!$A1:$B101,2,1)*K34*$L34*$M34,0)+IF(ISNUMBER(O34), VLOOKUP(O34/$AH34,F!$A1:$B101,2,1)*O34*$P34*$Q34,0)+IF(ISNUMBER(S34), VLOOKUP(S34/$AH34,F!$A1:$B101,2,1)*S34*$T34*$U34,0)+IF(ISNUMBER(W34), VLOOKUP(W34/$AH34,F!$A1:$B101,2,1)*W34*$X34*$Y34,0)+IF(ISNUMBER(AA34), VLOOKUP(AA34/$AH34,F!$A1:$B101,2,1)*AA34*$AB34*$AC34,0))*IF(ISNUMBER(F34),F34,1)*IF(ISNUMBER(E34),E34,1) -> 0 | AJ34: =H34*I34+L34*M34+P34*Q34+T34*U34+X34*Y34+AB34*AC34 -> 0 | AK34: {=IFERROR(I34*INDEX(F!$P$21:$AB$33, MATCH(G34/$AH34, F!$O$21:$O$33,1), MATCH(E34, F!$P$20:$AB$20,1)), 0 ) +IFERROR( M34*INDEX(F!$P$21:$AB$33, MATCH(K34/$AH34, F!$O$21:$O$33,1), MATCH(E34, F!$P$20:$AB$20,1)),0) + IFERROR( Q34*INDEX(F!$P$21:$AB$33, MATCH(O34/$AH34, F!$O$21:$O$33,1), MATCH(E34, F!$P$20:$AB$20,1)), 0) + IFERROR( U34*INDEX(F!$P$21:$AB$33, MATCH(S34/$AH34, F!$O$21:$O$33,1), MATCH(E34, F!$P$20:$AB$20,1)),0) + IFERROR(Y34*INDEX(F!$P$21:$AB$33, MATCH(W34/$AH34, F!$O$21:$O$33,1), MATCH(E34, F!$P$20:$AB$20,1)),0) + IFERROR( AC34*INDEX(F!$P$21:$AB$33, MATCH(AA34/$AH34, F!$O$21:$O$33,1), MATCH(E34, F!$P$20:$AB$20,1)),)} -> 0
G35: =IF(J35<>0, IFERROR(IF( $F35=2, MROUND($AH35*J35,1), IF( OR($F35="",$F35=1), MROUND($AH35*J35,2.5), MROUND($AH35*J35, 0.1))), "" ), "") | K35: =IF(N35<>0, IFERROR(IF( $F35=2, MROUND($AH35*N35,1), IF( OR($F35="",$F35=1), MROUND($AH35*N35,2.5), MROUND($AH35*N35, 0.1))), "" ), "") | O35: =IF(R35<>0, IFERROR(IF( $F35=2, MROUND($AH35*R35,1), IF( OR($F35="",$F35=1), MROUND($AH35*R35,2.5), MROUND($AH35*R35, 0.1))), "" ), "") | S35: =IF(V35<>0, IFERROR(IF( $F35=2, MROUND($AH35*V35,1), IF( OR($F35="",$F35=1), MROUND($AH35*V35,2.5), MROUND($AH35*V35, 0.1))), "" ), "") | W35: =IF(Z35<>0, IFERROR(IF( $F35=2, MROUND($AH35*Z35,1), IF( OR($F35="",$F35=1), MROUND($AH35*Z35,2.5), MROUND($AH35*Z35, 0.1))), "" ), "") | AA35: =IF(AD35<>0, IFERROR(IF( $F35=2, MROUND($AH35*AD35,1), IF( OR($F35="",$F35=1), MROUND($AH35*AD35,2.5), MROUND($AH35*AD35, 0.1))), "" ), "") | AE35: =(IF(ISNUMBER(G35),G35,0)*H35*I35+IF(ISNUMBER(K35),K35,1)*L35*M35+IF(ISNUMBER(O35),O35,1)*P35*Q35+IF(ISNUMBER(S35),S35,1)*T35*U35+IF(ISNUMBER(W35),W35,1)*X35*Y35+IF(ISNUMBER(AA35),AA35,1)*AB35*AC35)*IF(ISNUMBER(F35),F35,1) -> 0 | AF35: =IFERROR(AE35/AJ35,0) -> 0 | AG35: =IFERROR((AF35/(AH35*IF(ISNUMBER(F35),F35,1))),0) -> 0 | AI35: =( IF(ISNUMBER(G35), VLOOKUP(G35/$AH35,F!$A1:$B101,2,1)*G35*$H35*$I35,0)+IF(ISNUMBER(K35), VLOOKUP(K35/$AH35,F!$A1:$B101,2,1)*K35*$L35*$M35,0)+IF(ISNUMBER(O35), VLOOKUP(O35/$AH35,F!$A1:$B101,2,1)*O35*$P35*$Q35,0)+IF(ISNUMBER(S35), VLOOKUP(S35/$AH35,F!$A1:$B101,2,1)*S35*$T35*$U35,0)+IF(ISNUMBER(W35), VLOOKUP(W35/$AH35,F!$A1:$B101,2,1)*W35*$X35*$Y35,0)+IF(ISNUMBER(AA35), VLOOKUP(AA35/$AH35,F!$A1:$B101,2,1)*AA35*$AB35*$AC35,0))*IF(ISNUMBER(F35),F35,1)*IF(ISNUMBER(E35),E35,1) -> 0 | AJ35: =H35*I35+L35*M35+P35*Q35+T35*U35+X35*Y35+AB35*AC35 -> 0 | AK35: {=IFERROR(I35*INDEX(F!$P$21:$AB$33, MATCH(G35/$AH35, F!$O$21:$O$33,1), MATCH(E35, F!$P$20:$AB$20,1)), 0 ) +IFERROR( M35*INDEX(F!$P$21:$AB$33, MATCH(K35/$AH35, F!$O$21:$O$33,1), MATCH(E35, F!$P$20:$AB$20,1)),0) + IFERROR( Q35*INDEX(F!$P$21:$AB$33, MATCH(O35/$AH35, F!$O$21:$O$33,1), MATCH(E35, F!$P$20:$AB$20,1)), 0) + IFERROR( U35*INDEX(F!$P$21:$AB$33, MATCH(S35/$AH35, F!$O$21:$O$33,1), MATCH(E35, F!$P$20:$AB$20,1)),0) + IFERROR(Y35*INDEX(F!$P$21:$AB$33, MATCH(W35/$AH35, F!$O$21:$O$33,1), MATCH(E35, F!$P$20:$AB$20,1)),0) + IFERROR( AC35*INDEX(F!$P$21:$AB$33, MATCH(AA35/$AH35, F!$O$21:$O$33,1), MATCH(E35, F!$P$20:$AB$20,1)),)} -> 0
G36: =IF(J36<>0, IFERROR(IF( $F36=2, MROUND($AH36*J36,1), IF( OR($F36="",$F36=1), MROUND($AH36*J36,2.5), MROUND($AH36*J36, 0.1))), "" ), "") | K36: =IF(N36<>0, IFERROR(IF( $F36=2, MROUND($AH36*N36,1), IF( OR($F36="",$F36=1), MROUND($AH36*N36,2.5), MROUND($AH36*N36, 0.1))), "" ), "") | O36: =IF(R36<>0, IFERROR(IF( $F36=2, MROUND($AH36*R36,1), IF( OR($F36="",$F36=1), MROUND($AH36*R36,2.5), MROUND($AH36*R36, 0.1))), "" ), "") | S36: =IF(V36<>0, IFERROR(IF( $F36=2, MROUND($AH36*V36,1), IF( OR($F36="",$F36=1), MROUND($AH36*V36,2.5), MROUND($AH36*V36, 0.1))), "" ), "") | W36: =IF(Z36<>0, IFERROR(IF( $F36=2, MROUND($AH36*Z36,1), IF( OR($F36="",$F36=1), MROUND($AH36*Z36,2.5), MROUND($AH36*Z36, 0.1))), "" ), "") | AA36: =IF(AD36<>0, IFERROR(IF( $F36=2, MROUND($AH36*AD36,1), IF( OR($F36="",$F36=1), MROUND($AH36*AD36,2.5), MROUND($AH36*AD36, 0.1))), "" ), "") | AE36: =(IF(ISNUMBER(G36),G36,0)*H36*I36+IF(ISNUMBER(K36),K36,1)*L36*M36+IF(ISNUMBER(O36),O36,1)*P36*Q36+IF(ISNUMBER(S36),S36,1)*T36*U36+IF(ISNUMBER(W36),W36,1)*X36*Y36+IF(ISNUMBER(AA36),AA36,1)*AB36*AC36)*IF(ISNUMBER(F36),F36,1) -> 0 | AF36: =IFERROR(AE36/AJ36,0) -> 0 | AG36: =IFERROR((AF36/(AH36*IF(ISNUMBER(F36),F36,1))),0) -> 0 | AI36: =( IF(ISNUMBER(G36), VLOOKUP(G36/$AH36,F!$A1:$B101,2,1)*G36*$H36*$I36,0)+IF(ISNUMBER(K36), VLOOKUP(K36/$AH36,F!$A1:$B101,2,1)*K36*$L36*$M36,0)+IF(ISNUMBER(O36), VLOOKUP(O36/$AH36,F!$A1:$B101,2,1)*O36*$P36*$Q36,0)+IF(ISNUMBER(S36), VLOOKUP(S36/$AH36,F!$A1:$B101,2,1)*S36*$T36*$U36,0)+IF(ISNUMBER(W36), VLOOKUP(W36/$AH36,F!$A1:$B101,2,1)*W36*$X36*$Y36,0)+IF(ISNUMBER(AA36), VLOOKUP(AA36/$AH36,F!$A1:$B101,2,1)*AA36*$AB36*$AC36,0))*IF(ISNUMBER(F36),F36,1)*IF(ISNUMBER(E36),E36,1) -> 0 | AJ36: =H36*I36+L36*M36+P36*Q36+T36*U36+X36*Y36+AB36*AC36 -> 0 | AK36: {=IFERROR(I36*INDEX(F!$P$21:$AB$33, MATCH(G36/$AH36, F!$O$21:$O$33,1), MATCH(E36, F!$P$20:$AB$20,1)), 0 ) +IFERROR( M36*INDEX(F!$P$21:$AB$33, MATCH(K36/$AH36, F!$O$21:$O$33,1), MATCH(E36, F!$P$20:$AB$20,1)),0) + IFERROR( Q36*INDEX(F!$P$21:$AB$33, MATCH(O36/$AH36, F!$O$21:$O$33,1), MATCH(E36, F!$P$20:$AB$20,1)), 0) + IFERROR( U36*INDEX(F!$P$21:$AB$33, MATCH(S36/$AH36, F!$O$21:$O$33,1), MATCH(E36, F!$P$20:$AB$20,1)),0) + IFERROR(Y36*INDEX(F!$P$21:$AB$33, MATCH(W36/$AH36, F!$O$21:$O$33,1), MATCH(E36, F!$P$20:$AB$20,1)),0) + IFERROR( AC36*INDEX(F!$P$21:$AB$33, MATCH(AA36/$AH36, F!$O$21:$O$33,1), MATCH(E36, F!$P$20:$AB$20,1)),)} -> 0
G37: =IF(J37<>0, IFERROR(IF( $F37=2, MROUND($AH37*J37,1), IF( OR($F37="",$F37=1), MROUND($AH37*J37,2.5), MROUND($AH37*J37, 0.1))), "" ), "") | K37: =IF(N37<>0, IFERROR(IF( $F37=2, MROUND($AH37*N37,1), IF( OR($F37="",$F37=1), MROUND($AH37*N37,2.5), MROUND($AH37*N37, 0.1))), "" ), "") | O37: =IF(R37<>0, IFERROR(IF( $F37=2, MROUND($AH37*R37,1), IF( OR($F37="",$F37=1), MROUND($AH37*R37,2.5), MROUND($AH37*R37, 0.1))), "" ), "") | S37: =IF(V37<>0, IFERROR(IF( $F37=2, MROUND($AH37*V37,1), IF( OR($F37="",$F37=1), MROUND($AH37*V37,2.5), MROUND($AH37*V37, 0.1))), "" ), "") | W37: =IF(Z37<>0, IFERROR(IF( $F37=2, MROUND($AH37*Z37,1), IF( OR($F37="",$F37=1), MROUND($AH37*Z37,2.5), MROUND($AH37*Z37, 0.1))), "" ), "") | AA37: =IF(AD37<>0, IFERROR(IF( $F37=2, MROUND($AH37*AD37,1), IF( OR($F37="",$F37=1), MROUND($AH37*AD37,2.5), MROUND($AH37*AD37, 0.1))), "" ), "") | AE37: =(IF(ISNUMBER(G37),G37,0)*H37*I37+IF(ISNUMBER(K37),K37,1)*L37*M37+IF(ISNUMBER(O37),O37,1)*P37*Q37+IF(ISNUMBER(S37),S37,1)*T37*U37+IF(ISNUMBER(W37),W37,1)*X37*Y37+IF(ISNUMBER(AA37),AA37,1)*AB37*AC37)*IF(ISNUMBER(F37),F37,1) -> 0 | AF37: =IFERROR(AE37/AJ37,0) -> 0 | AG37: =IFERROR((AF37/(AH37*IF(ISNUMBER(F37),F37,1))),0) -> 0 | AI37: =( IF(ISNUMBER(G37), VLOOKUP(G37/$AH37,F!$A1:$B101,2,1)*G37*$H37*$I37,0)+IF(ISNUMBER(K37), VLOOKUP(K37/$AH37,F!$A1:$B101,2,1)*K37*$L37*$M37,0)+IF(ISNUMBER(O37), VLOOKUP(O37/$AH37,F!$A1:$B101,2,1)*O37*$P37*$Q37,0)+IF(ISNUMBER(S37), VLOOKUP(S37/$AH37,F!$A1:$B101,2,1)*S37*$T37*$U37,0)+IF(ISNUMBER(W37), VLOOKUP(W37/$AH37,F!$A1:$B101,2,1)*W37*$X37*$Y37,0)+IF(ISNUMBER(AA37), VLOOKUP(AA37/$AH37,F!$A1:$B101,2,1)*AA37*$AB37*$AC37,0))*IF(ISNUMBER(F37),F37,1)*IF(ISNUMBER(E37),E37,1) -> 0 | AJ37: =H37*I37+L37*M37+P37*Q37+T37*U37+X37*Y37+AB37*AC37 -> 0 | AK37: {=IFERROR(I37*INDEX(F!$P$21:$AB$33, MATCH(G37/$AH37, F!$O$21:$O$33,1), MATCH(E37, F!$P$20:$AB$20,1)), 0 ) +IFERROR( M37*INDEX(F!$P$21:$AB$33, MATCH(K37/$AH37, F!$O$21:$O$33,1), MATCH(E37, F!$P$20:$AB$20,1)),0) + IFERROR( Q37*INDEX(F!$P$21:$AB$33, MATCH(O37/$AH37, F!$O$21:$O$33,1), MATCH(E37, F!$P$20:$AB$20,1)), 0) + IFERROR( U37*INDEX(F!$P$21:$AB$33, MATCH(S37/$AH37, F!$O$21:$O$33,1), MATCH(E37, F!$P$20:$AB$20,1)),0) + IFERROR(Y37*INDEX(F!$P$21:$AB$33, MATCH(W37/$AH37, F!$O$21:$O$33,1), MATCH(E37, F!$P$20:$AB$20,1)),0) + IFERROR( AC37*INDEX(F!$P$21:$AB$33, MATCH(AA37/$AH37, F!$O$21:$O$33,1), MATCH(E37, F!$P$20:$AB$20,1)),)} -> 0
G38: =IF(J38<>0, IFERROR(IF( $F38=2, MROUND($AH38*J38,1), IF( OR($F38="",$F38=1), MROUND($AH38*J38,2.5), MROUND($AH38*J38, 0.1))), "" ), "") | K38: =IF(N38<>0, IFERROR(IF( $F38=2, MROUND($AH38*N38,1), IF( OR($F38="",$F38=1), MROUND($AH38*N38,2.5), MROUND($AH38*N38, 0.1))), "" ), "") | O38: =IF(R38<>0, IFERROR(IF( $F38=2, MROUND($AH38*R38,1), IF( OR($F38="",$F38=1), MROUND($AH38*R38,2.5), MROUND($AH38*R38, 0.1))), "" ), "") | S38: =IF(V38<>0, IFERROR(IF( $F38=2, MROUND($AH38*V38,1), IF( OR($F38="",$F38=1), MROUND($AH38*V38,2.5), MROUND($AH38*V38, 0.1))), "" ), "") | W38: =IF(Z38<>0, IFERROR(IF( $F38=2, MROUND($AH38*Z38,1), IF( OR($F38="",$F38=1), MROUND($AH38*Z38,2.5), MROUND($AH38*Z38, 0.1))), "" ), "") | AA38: =IF(AD38<>0, IFERROR(IF( $F38=2, MROUND($AH38*AD38,1), IF( OR($F38="",$F38=1), MROUND($AH38*AD38,2.5), MROUND($AH38*AD38, 0.1))), "" ), "") | AE38: =(IF(ISNUMBER(G38),G38,0)*H38*I38+IF(ISNUMBER(K38),K38,1)*L38*M38+IF(ISNUMBER(O38),O38,1)*P38*Q38+IF(ISNUMBER(S38),S38,1)*T38*U38+IF(ISNUMBER(W38),W38,1)*X38*Y38+IF(ISNUMBER(AA38),AA38,1)*AB38*AC38)*IF(ISNUMBER(F38),F38,1) -> 0 | AF38: =IFERROR(AE38/AJ38,0) -> 0 | AG38: =IFERROR((AF38/(AH38*IF(ISNUMBER(F38),F38,1))),0) -> 0 | AI38: =( IF(ISNUMBER(G38), VLOOKUP(G38/$AH38,F!$A1:$B101,2,1)*G38*$H38*$I38,0)+IF(ISNUMBER(K38), VLOOKUP(K38/$AH38,F!$A1:$B101,2,1)*K38*$L38*$M38,0)+IF(ISNUMBER(O38), VLOOKUP(O38/$AH38,F!$A1:$B101,2,1)*O38*$P38*$Q38,0)+IF(ISNUMBER(S38), VLOOKUP(S38/$AH38,F!$A1:$B101,2,1)*S38*$T38*$U38,0)+IF(ISNUMBER(W38), VLOOKUP(W38/$AH38,F!$A1:$B101,2,1)*W38*$X38*$Y38,0)+IF(ISNUMBER(AA38), VLOOKUP(AA38/$AH38,F!$A1:$B101,2,1)*AA38*$AB38*$AC38,0))*IF(ISNUMBER(F38),F38,1)*IF(ISNUMBER(E38),E38,1) -> 0 | AJ38: =H38*I38+L38*M38+P38*Q38+T38*U38+X38*Y38+AB38*AC38 -> 0 | AK38: {=IFERROR(I38*INDEX(F!$P$21:$AB$33, MATCH(G38/$AH38, F!$O$21:$O$33,1), MATCH(E38, F!$P$20:$AB$20,1)), 0 ) +IFERROR( M38*INDEX(F!$P$21:$AB$33, MATCH(K38/$AH38, F!$O$21:$O$33,1), MATCH(E38, F!$P$20:$AB$20,1)),0) + IFERROR( Q38*INDEX(F!$P$21:$AB$33, MATCH(O38/$AH38, F!$O$21:$O$33,1), MATCH(E38, F!$P$20:$AB$20,1)), 0) + IFERROR( U38*INDEX(F!$P$21:$AB$33, MATCH(S38/$AH38, F!$O$21:$O$33,1), MATCH(E38, F!$P$20:$AB$20,1)),0) + IFERROR(Y38*INDEX(F!$P$21:$AB$33, MATCH(W38/$AH38, F!$O$21:$O$33,1), MATCH(E38, F!$P$20:$AB$20,1)),0) + IFERROR( AC38*INDEX(F!$P$21:$AB$33, MATCH(AA38/$AH38, F!$O$21:$O$33,1), MATCH(E38, F!$P$20:$AB$20,1)),)} -> 0
E39: =ROUND(IFERROR(SUMPRODUCT(AJ31:AJ38,E31:E38)/AJ39,0),3) -> 0 | AE39: =SUM(AE31:AE38) -> 0 | AF39: =IFERROR(AE39/AJ39,0) -> 0 | AG39: =IFERROR( SUMPRODUCT(AG31:AG38,AJ31:AJ38)/AJ39,0) -> 0 | AI39: =SUM(AI31:AI38) -> 0 | AJ39: =SUM(AJ31:AJ38) -> 0 | AK39: =IF(SUM(AK31:AK38)=0,TIME(,0,),TIME(,SUM(AK31:AK38)+F!$V$37,)) -> 0
A40: =A41 -> 43786 | G40: =IF(J40<>0, IFERROR(IF( $F40=2, MROUND($AH40*J40,1), IF( OR($F40="",$F40=1), MROUND($AH40*J40,2.5), MROUND($AH40*J40, 0.1))), "" ), "") | K40: =IF(N40<>0, IFERROR(IF( $F40=2, MROUND($AH40*N40,1), IF( OR($F40="",$F40=1), MROUND($AH40*N40,2.5), MROUND($AH40*N40, 0.1))), "" ), "") | O40: =IF(R40<>0, IFERROR(IF( $F40=2, MROUND($AH40*R40,1), IF( OR($F40="",$F40=1), MROUND($AH40*R40,2.5), MROUND($AH40*R40, 0.1))), "" ), "") | S40: =IF(V40<>0, IFERROR(IF( $F40=2, MROUND($AH40*V40,1), IF( OR($F40="",$F40=1), MROUND($AH40*V40,2.5), MROUND($AH40*V40, 0.1))), "" ), "") | W40: =IF(Z40<>0, IFERROR(IF( $F40=2, MROUND($AH40*Z40,1), IF( OR($F40="",$F40=1), MROUND($AH40*Z40,2.5), MROUND($AH40*Z40, 0.1))), "" ), "") | AA40: =IF(AD40<>0, IFERROR(IF( $F40=2, MROUND($AH40*AD40,1), IF( OR($F40="",$F40=1), MROUND($AH40*AD40,2.5), MROUND($AH40*AD40, 0.1))), "" ), "") | AE40: =(IF(ISNUMBER(G40),G40,0)*H40*I40+IF(ISNUMBER(K40),K40,1)*L40*M40+IF(ISNUMBER(O40),O40,1)*P40*Q40+IF(ISNUMBER(S40),S40,1)*T40*U40+IF(ISNUMBER(W40),W40,1)*X40*Y40+IF(ISNUMBER(AA40),AA40,1)*AB40*AC40)*IF(ISNUMBER(F40),F40,1) -> 0 | AF40: =IFERROR(AE40/AJ40,0) -> 0 | AG40: =IFERROR((AF40/(AH40*IF(ISNUMBER(F40),F40,1))),0) -> 0 | AI40: =( IF(ISNUMBER(G40), VLOOKUP(G40/$AH40,F!$A1:$B101,2,1)*G40*$H40*$I40,0)+IF(ISNUMBER(K40), VLOOKUP(K40/$AH40,F!$A1:$B101,2,1)*K40*$L40*$M40,0)+IF(ISNUMBER(O40), VLOOKUP(O40/$AH40,F!$A1:$B101,2,1)*O40*$P40*$Q40,0)+IF(ISNUMBER(S40), VLOOKUP(S40/$AH40,F!$A1:$B101,2,1)*S40*$T40*$U40,0)+IF(ISNUMBER(W40), VLOOKUP(W40/$AH40,F!$A1:$B101,2,1)*W40*$X40*$Y40,0)+IF(ISNUMBER(AA40), VLOOKUP(AA40/$AH40,F!$A1:$B101,2,1)*AA40*$AB40*$AC40,0))*IF(ISNUMBER(F40),F40,1)*IF(ISNUMBER(E40),E40,1) -> 0 | AJ40: =H40*I40+L40*M40+P40*Q40+T40*U40+X40*Y40+AB40*AC40 -> 0 | AK40: {=IFERROR(I40*INDEX(F!$P$21:$AB$33, MATCH(G40/$AH40, F!$O$21:$O$33,1), MATCH(E40, F!$P$20:$AB$20,1)), 0 ) +IFERROR( M40*INDEX(F!$P$21:$AB$33, MATCH(K40/$AH40, F!$O$21:$O$33,1), MATCH(E40, F!$P$20:$AB$20,1)),0) + IFERROR( Q40*INDEX(F!$P$21:$AB$33, MATCH(O40/$AH40, F!$O$21:$O$33,1), MATCH(E40, F!$P$20:$AB$20,1)), 0) + IFERROR( U40*INDEX(F!$P$21:$AB$33, MATCH(S40/$AH40, F!$O$21:$O$33,1), MATCH(E40, F!$P$20:$AB$20,1)),0) + IFERROR(Y40*INDEX(F!$P$21:$AB$33, MATCH(W40/$AH40, F!$O$21:$O$33,1), MATCH(E40, F!$P$20:$AB$20,1)),0) + IFERROR( AC40*INDEX(F!$P$21:$AB$33, MATCH(AA40/$AH40, F!$O$21:$O$33,1), MATCH(E40, F!$P$20:$AB$20,1)),)} -> 0
A41: =A32+1 -> 43786 | G41: =IF(J41<>0, IFERROR(IF( $F41=2, MROUND($AH41*J41,1), IF( OR($F41="",$F41=1), MROUND($AH41*J41,2.5), MROUND($AH41*J41, 0.1))), "" ), "") | K41: =IF(N41<>0, IFERROR(IF( $F41=2, MROUND($AH41*N41,1), IF( OR($F41="",$F41=1), MROUND($AH41*N41,2.5), MROUND($AH41*N41, 0.1))), "" ), "") | O41: =IF(R41<>0, IFERROR(IF( $F41=2, MROUND($AH41*R41,1), IF( OR($F41="",$F41=1), MROUND($AH41*R41,2.5), MROUND($AH41*R41, 0.1))), "" ), "") | S41: =IF(V41<>0, IFERROR(IF( $F41=2, MROUND($AH41*V41,1), IF( OR($F41="",$F41=1), MROUND($AH41*V41,2.5), MROUND($AH41*V41, 0.1))), "" ), "") | W41: =IF(Z41<>0, IFERROR(IF( $F41=2, MROUND($AH41*Z41,1), IF( OR($F41="",$F41=1), MROUND($AH41*Z41,2.5), MROUND($AH41*Z41, 0.1))), "" ), "") | AA41: =IF(AD41<>0, IFERROR(IF( $F41=2, MROUND($AH41*AD41,1), IF( OR($F41="",$F41=1), MROUND($AH41*AD41,2.5), MROUND($AH41*AD41, 0.1))), "" ), "") | AE41: =(IF(ISNUMBER(G41),G41,0)*H41*I41+IF(ISNUMBER(K41),K41,1)*L41*M41+IF(ISNUMBER(O41),O41,1)*P41*Q41+IF(ISNUMBER(S41),S41,1)*T41*U41+IF(ISNUMBER(W41),W41,1)*X41*Y41+IF(ISNUMBER(AA41),AA41,1)*AB41*AC41)*IF(ISNUMBER(F41),F41,1) -> 0 | AF41: =IFERROR(AE41/AJ41,0) -> 0 | AG41: =IFERROR((AF41/(AH41*IF(ISNUMBER(F41),F41,1))),0) -> 0 | AI41: =( IF(ISNUMBER(G41), VLOOKUP(G41/$AH41,F!$A1:$B101,2,1)*G41*$H41*$I41,0)+IF(ISNUMBER(K41), VLOOKUP(K41/$AH41,F!$A1:$B101,2,1)*K41*$L41*$M41,0)+IF(ISNUMBER(O41), VLOOKUP(O41/$AH41,F!$A1:$B101,2,1)*O41*$P41*$Q41,0)+IF(ISNUMBER(S41), VLOOKUP(S41/$AH41,F!$A1:$B101,2,1)*S41*$T41*$U41,0)+IF(ISNUMBER(W41), VLOOKUP(W41/$AH41,F!$A1:$B101,2,1)*W41*$X41*$Y41,0)+IF(ISNUMBER(AA41), VLOOKUP(AA41/$AH41,F!$A1:$B101,2,1)*AA41*$AB41*$AC41,0))*IF(ISNUMBER(F41),F41,1)*IF(ISNUMBER(E41),E41,1) -> 0 | AJ41: =H41*I41+L41*M41+P41*Q41+T41*U41+X41*Y41+AB41*AC41 -> 0 | AK41: {=IFERROR(I41*INDEX(F!$P$21:$AB$33, MATCH(G41/$AH41, F!$O$21:$O$33,1), MATCH(E41, F!$P$20:$AB$20,1)), 0 ) +IFERROR( M41*INDEX(F!$P$21:$AB$33, MATCH(K41/$AH41, F!$O$21:$O$33,1), MATCH(E41, F!$P$20:$AB$20,1)),0) + IFERROR( Q41*INDEX(F!$P$21:$AB$33, MATCH(O41/$AH41, F!$O$21:$O$33,1), MATCH(E41, F!$P$20:$AB$20,1)), 0) + IFERROR( U41*INDEX(F!$P$21:$AB$33, MATCH(S41/$AH41, F!$O$21:$O$33,1), MATCH(E41, F!$P$20:$AB$20,1)),0) + IFERROR(Y41*INDEX(F!$P$21:$AB$33, MATCH(W41/$AH41, F!$O$21:$O$33,1), MATCH(E41, F!$P$20:$AB$20,1)),0) + IFERROR( AC41*INDEX(F!$P$21:$AB$33, MATCH(AA41/$AH41, F!$O$21:$O$33,1), MATCH(E41, F!$P$20:$AB$20,1)),)} -> 0
G42: =IF(J42<>0, IFERROR(IF( $F42=2, MROUND($AH42*J42,1), IF( OR($F42="",$F42=1), MROUND($AH42*J42,2.5), MROUND($AH42*J42, 0.1))), "" ), "") | K42: =IF(N42<>0, IFERROR(IF( $F42=2, MROUND($AH42*N42,1), IF( OR($F42="",$F42=1), MROUND($AH42*N42,2.5), MROUND($AH42*N42, 0.1))), "" ), "") | O42: =IF(R42<>0, IFERROR(IF( $F42=2, MROUND($AH42*R42,1), IF( OR($F42="",$F42=1), MROUND($AH42*R42,2.5), MROUND($AH42*R42, 0.1))), "" ), "") | S42: =IF(V42<>0, IFERROR(IF( $F42=2, MROUND($AH42*V42,1), IF( OR($F42="",$F42=1), MROUND($AH42*V42,2.5), MROUND($AH42*V42, 0.1))), "" ), "") | W42: =IF(Z42<>0, IFERROR(IF( $F42=2, MROUND($AH42*Z42,1), IF( OR($F42="",$F42=1), MROUND($AH42*Z42,2.5), MROUND($AH42*Z42, 0.1))), "" ), "") | AA42: =IF(AD42<>0, IFERROR(IF( $F42=2, MROUND($AH42*AD42,1), IF( OR($F42="",$F42=1), MROUND($AH42*AD42,2.5), MROUND($AH42*AD42, 0.1))), "" ), "") | AE42: =(IF(ISNUMBER(G42),G42,0)*H42*I42+IF(ISNUMBER(K42),K42,1)*L42*M42+IF(ISNUMBER(O42),O42,1)*P42*Q42+IF(ISNUMBER(S42),S42,1)*T42*U42+IF(ISNUMBER(W42),W42,1)*X42*Y42+IF(ISNUMBER(AA42),AA42,1)*AB42*AC42)*IF(ISNUMBER(F42),F42,1) -> 0 | AF42: =IFERROR(AE42/AJ42,0) -> 0 | AG42: =IFERROR((AF42/(AH42*IF(ISNUMBER(F42),F42,1))),0) -> 0 | AI42: =( IF(ISNUMBER(G42), VLOOKUP(G42/$AH42,F!$A1:$B101,2,1)*G42*$H42*$I42,0)+IF(ISNUMBER(K42), VLOOKUP(K42/$AH42,F!$A1:$B101,2,1)*K42*$L42*$M42,0)+IF(ISNUMBER(O42), VLOOKUP(O42/$AH42,F!$A1:$B101,2,1)*O42*$P42*$Q42,0)+IF(ISNUMBER(S42), VLOOKUP(S42/$AH42,F!$A1:$B101,2,1)*S42*$T42*$U42,0)+IF(ISNUMBER(W42), VLOOKUP(W42/$AH42,F!$A1:$B101,2,1)*W42*$X42*$Y42,0)+IF(ISNUMBER(AA42), VLOOKUP(AA42/$AH42,F!$A1:$B101,2,1)*AA42*$AB42*$AC42,0))*IF(ISNUMBER(F42),F42,1)*IF(ISNUMBER(E42),E42,1) -> 0 | AJ42: =H42*I42+L42*M42+P42*Q42+T42*U42+X42*Y42+AB42*AC42 -> 0 | AK42: {=IFERROR(I42*INDEX(F!$P$21:$AB$33, MATCH(G42/$AH42, F!$O$21:$O$33,1), MATCH(E42, F!$P$20:$AB$20,1)), 0 ) +IFERROR( M42*INDEX(F!$P$21:$AB$33, MATCH(K42/$AH42, F!$O$21:$O$33,1), MATCH(E42, F!$P$20:$AB$20,1)),0) + IFERROR( Q42*INDEX(F!$P$21:$AB$33, MATCH(O42/$AH42, F!$O$21:$O$33,1), MATCH(E42, F!$P$20:$AB$20,1)), 0) + IFERROR( U42*INDEX(F!$P$21:$AB$33, MATCH(S42/$AH42, F!$O$21:$O$33,1), MATCH(E42, F!$P$20:$AB$20,1)),0) + IFERROR(Y42*INDEX(F!$P$21:$AB$33, MATCH(W42/$AH42, F!$O$21:$O$33,1), MATCH(E42, F!$P$20:$AB$20,1)),0) + IFERROR( AC42*INDEX(F!$P$21:$AB$33, MATCH(AA42/$AH42, F!$O$21:$O$33,1), MATCH(E42, F!$P$20:$AB$20,1)),)} -> 0
G43: =IF(J43<>0, IFERROR(IF( $F43=2, MROUND($AH43*J43,1), IF( OR($F43="",$F43=1), MROUND($AH43*J43,2.5), MROUND($AH43*J43, 0.1))), "" ), "") | K43: =IF(N43<>0, IFERROR(IF( $F43=2, MROUND($AH43*N43,1), IF( OR($F43="",$F43=1), MROUND($AH43*N43,2.5), MROUND($AH43*N43, 0.1))), "" ), "") | O43: =IF(R43<>0, IFERROR(IF( $F43=2, MROUND($AH43*R43,1), IF( OR($F43="",$F43=1), MROUND($AH43*R43,2.5), MROUND($AH43*R43, 0.1))), "" ), "") | S43: =IF(V43<>0, IFERROR(IF( $F43=2, MROUND($AH43*V43,1), IF( OR($F43="",$F43=1), MROUND($AH43*V43,2.5), MROUND($AH43*V43, 0.1))), "" ), "") | W43: =IF(Z43<>0, IFERROR(IF( $F43=2, MROUND($AH43*Z43,1), IF( OR($F43="",$F43=1), MROUND($AH43*Z43,2.5), MROUND($AH43*Z43, 0.1))), "" ), "") | AA43: =IF(AD43<>0, IFERROR(IF( $F43=2, MROUND($AH43*AD43,1), IF( OR($F43="",$F43=1), MROUND($AH43*AD43,2.5), MROUND($AH43*AD43, 0.1))), "" ), "") | AE43: =(IF(ISNUMBER(G43),G43,0)*H43*I43+IF(ISNUMBER(K43),K43,1)*L43*M43+IF(ISNUMBER(O43),O43,1)*P43*Q43+IF(ISNUMBER(S43),S43,1)*T43*U43+IF(ISNUMBER(W43),W43,1)*X43*Y43+IF(ISNUMBER(AA43),AA43,1)*AB43*AC43)*IF(ISNUMBER(F43),F43,1) -> 0 | AF43: =IFERROR(AE43/AJ43,0) -> 0 | AG43: =IFERROR((AF43/(AH43*IF(ISNUMBER(F43),F43,1))),0) -> 0 | AI43: =( IF(ISNUMBER(G43), VLOOKUP(G43/$AH43,F!$A1:$B101,2,1)*G43*$H43*$I43,0)+IF(ISNUMBER(K43), VLOOKUP(K43/$AH43,F!$A1:$B101,2,1)*K43*$L43*$M43,0)+IF(ISNUMBER(O43), VLOOKUP(O43/$AH43,F!$A1:$B101,2,1)*O43*$P43*$Q43,0)+IF(ISNUMBER(S43), VLOOKUP(S43/$AH43,F!$A1:$B101,2,1)*S43*$T43*$U43,0)+IF(ISNUMBER(W43), VLOOKUP(W43/$AH43,F!$A1:$B101,2,1)*W43*$X43*$Y43,0)+IF(ISNUMBER(AA43), VLOOKUP(AA43/$AH43,F!$A1:$B101,2,1)*AA43*$AB43*$AC43,0))*IF(ISNUMBER(F43),F43,1)*IF(ISNUMBER(E43),E43,1) -> 0 | AJ43: =H43*I43+L43*M43+P43*Q43+T43*U43+X43*Y43+AB43*AC43 -> 0 | AK43: {=IFERROR(I43*INDEX(F!$P$21:$AB$33, MATCH(G43/$AH43, F!$O$21:$O$33,1), MATCH(E43, F!$P$20:$AB$20,1)), 0 ) +IFERROR( M43*INDEX(F!$P$21:$AB$33, MATCH(K43/$AH43, F!$O$21:$O$33,1), MATCH(E43, F!$P$20:$AB$20,1)),0) + IFERROR( Q43*INDEX(F!$P$21:$AB$33, MATCH(O43/$AH43, F!$O$21:$O$33,1), MATCH(E43, F!$P$20:$AB$20,1)), 0) + IFERROR( U43*INDEX(F!$P$21:$AB$33, MATCH(S43/$AH43, F!$O$21:$O$33,1), MATCH(E43, F!$P$20:$AB$20,1)),0) + IFERROR(Y43*INDEX(F!$P$21:$AB$33, MATCH(W43/$AH43, F!$O$21:$O$33,1), MATCH(E43, F!$P$20:$AB$20,1)),0) + IFERROR( AC43*INDEX(F!$P$21:$AB$33, MATCH(AA43/$AH43, F!$O$21:$O$33,1), MATCH(E43, F!$P$20:$AB$20,1)),)} -> 0
G44: =IF(J44<>0, IFERROR(IF( $F44=2, MROUND($AH44*J44,1), IF( OR($F44="",$F44=1), MROUND($AH44*J44,2.5), MROUND($AH44*J44, 0.1))), "" ), "") | K44: =IF(N44<>0, IFERROR(IF( $F44=2, MROUND($AH44*N44,1), IF( OR($F44="",$F44=1), MROUND($AH44*N44,2.5), MROUND($AH44*N44, 0.1))), "" ), "") | O44: =IF(R44<>0, IFERROR(IF( $F44=2, MROUND($AH44*R44,1), IF( OR($F44="",$F44=1), MROUND($AH44*R44,2.5), MROUND($AH44*R44, 0.1))), "" ), "") | S44: =IF(V44<>0, IFERROR(IF( $F44=2, MROUND($AH44*V44,1), IF( OR($F44="",$F44=1), MROUND($AH44*V44,2.5), MROUND($AH44*V44, 0.1))), "" ), "") | W44: =IF(Z44<>0, IFERROR(IF( $F44=2, MROUND($AH44*Z44,1), IF( OR($F44="",$F44=1), MROUND($AH44*Z44,2.5), MROUND($AH44*Z44, 0.1))), "" ), "") | AA44: =IF(AD44<>0, IFERROR(IF( $F44=2, MROUND($AH44*AD44,1), IF( OR($F44="",$F44=1), MROUND($AH44*AD44,2.5), MROUND($AH44*AD44, 0.1))), "" ), "") | AE44: =(IF(ISNUMBER(G44),G44,0)*H44*I44+IF(ISNUMBER(K44),K44,1)*L44*M44+IF(ISNUMBER(O44),O44,1)*P44*Q44+IF(ISNUMBER(S44),S44,1)*T44*U44+IF(ISNUMBER(W44),W44,1)*X44*Y44+IF(ISNUMBER(AA44),AA44,1)*AB44*AC44)*IF(ISNUMBER(F44),F44,1) -> 0 | AF44: =IFERROR(AE44/AJ44,0) -> 0 | AG44: =IFERROR((AF44/(AH44*IF(ISNUMBER(F44),F44,1))),0) -> 0 | AI44: =( IF(ISNUMBER(G44), VLOOKUP(G44/$AH44,F!$A1:$B101,2,1)*G44*$H44*$I44,0)+IF(ISNUMBER(K44), VLOOKUP(K44/$AH44,F!$A1:$B101,2,1)*K44*$L44*$M44,0)+IF(ISNUMBER(O44), VLOOKUP(O44/$AH44,F!$A1:$B101,2,1)*O44*$P44*$Q44,0)+IF(ISNUMBER(S44), VLOOKUP(S44/$AH44,F!$A1:$B101,2,1)*S44*$T44*$U44,0)+IF(ISNUMBER(W44), VLOOKUP(W44/$AH44,F!$A1:$B101,2,1)*W44*$X44*$Y44,0)+IF(ISNUMBER(AA44), VLOOKUP(AA44/$AH44,F!$A1:$B101,2,1)*AA44*$AB44*$AC44,0))*IF(ISNUMBER(F44),F44,1)*IF(ISNUMBER(E44),E44,1) -> 0 | AJ44: =H44*I44+L44*M44+P44*Q44+T44*U44+X44*Y44+AB44*AC44 -> 0 | AK44: {=IFERROR(I44*INDEX(F!$P$21:$AB$33, MATCH(G44/$AH44, F!$O$21:$O$33,1), MATCH(E44, F!$P$20:$AB$20,1)), 0 ) +IFERROR( M44*INDEX(F!$P$21:$AB$33, MATCH(K44/$AH44, F!$O$21:$O$33,1), MATCH(E44, F!$P$20:$AB$20,1)),0) + IFERROR( Q44*INDEX(F!$P$21:$AB$33, MATCH(O44/$AH44, F!$O$21:$O$33,1), MATCH(E44, F!$P$20:$AB$20,1)), 0) + IFERROR( U44*INDEX(F!$P$21:$AB$33, MATCH(S44/$AH44, F!$O$21:$O$33,1), MATCH(E44, F!$P$20:$AB$20,1)),0) + IFERROR(Y44*INDEX(F!$P$21:$AB$33, MATCH(W44/$AH44, F!$O$21:$O$33,1), MATCH(E44, F!$P$20:$AB$20,1)),0) + IFERROR( AC44*INDEX(F!$P$21:$AB$33, MATCH(AA44/$AH44, F!$O$21:$O$33,1), MATCH(E44, F!$P$20:$AB$20,1)),)} -> 0
G45: =IF(J45<>0, IFERROR(IF( $F45=2, MROUND($AH45*J45,1), IF( OR($F45="",$F45=1), MROUND($AH45*J45,2.5), MROUND($AH45*J45, 0.1))), "" ), "") | K45: =IF(N45<>0, IFERROR(IF( $F45=2, MROUND($AH45*N45,1), IF( OR($F45="",$F45=1), MROUND($AH45*N45,2.5), MROUND($AH45*N45, 0.1))), "" ), "") | O45: =IF(R45<>0, IFERROR(IF( $F45=2, MROUND($AH45*R45,1), IF( OR($F45="",$F45=1), MROUND($AH45*R45,2.5), MROUND($AH45*R45, 0.1))), "" ), "") | S45: =IF(V45<>0, IFERROR(IF( $F45=2, MROUND($AH45*V45,1), IF( OR($F45="",$F45=1), MROUND($AH45*V45,2.5), MROUND($AH45*V45, 0.1))), "" ), "") | W45: =IF(Z45<>0, IFERROR(IF( $F45=2, MROUND($AH45*Z45,1), IF( OR($F45="",$F45=1), MROUND($AH45*Z45,2.5), MROUND($AH45*Z45, 0.1))), "" ), "") | AA45: =IF(AD45<>0, IFERROR(IF( $F45=2, MROUND($AH45*AD45,1), IF( OR($F45="",$F45=1), MROUND($AH45*AD45,2.5), MROUND($AH45*AD45, 0.1))), "" ), "") | AE45: =(IF(ISNUMBER(G45),G45,0)*H45*I45+IF(ISNUMBER(K45),K45,1)*L45*M45+IF(ISNUMBER(O45),O45,1)*P45*Q45+IF(ISNUMBER(S45),S45,1)*T45*U45+IF(ISNUMBER(W45),W45,1)*X45*Y45+IF(ISNUMBER(AA45),AA45,1)*AB45*AC45)*IF(ISNUMBER(F45),F45,1) -> 0 | AF45: =IFERROR(AE45/AJ45,0) -> 0 | AG45: =IFERROR((AF45/(AH45*IF(ISNUMBER(F45),F45,1))),0) -> 0 | AI45: =( IF(ISNUMBER(G45), VLOOKUP(G45/$AH45,F!$A1:$B101,2,1)*G45*$H45*$I45,0)+IF(ISNUMBER(K45), VLOOKUP(K45/$AH45,F!$A1:$B101,2,1)*K45*$L45*$M45,0)+IF(ISNUMBER(O45), VLOOKUP(O45/$AH45,F!$A1:$B101,2,1)*O45*$P45*$Q45,0)+IF(ISNUMBER(S45), VLOOKUP(S45/$AH45,F!$A1:$B101,2,1)*S45*$T45*$U45,0)+IF(ISNUMBER(W45), VLOOKUP(W45/$AH45,F!$A1:$B101,2,1)*W45*$X45*$Y45,0)+IF(ISNUMBER(AA45), VLOOKUP(AA45/$AH45,F!$A1:$B101,2,1)*AA45*$AB45*$AC45,0))*IF(ISNUMBER(F45),F45,1)*IF(ISNUMBER(E45),E45,1) -> 0 | AJ45: =H45*I45+L45*M45+P45*Q45+T45*U45+X45*Y45+AB45*AC45 -> 0 | AK45: {=IFERROR(I45*INDEX(F!$P$21:$AB$33, MATCH(G45/$AH45, F!$O$21:$O$33,1), MATCH(E45, F!$P$20:$AB$20,1)), 0 ) +IFERROR( M45*INDEX(F!$P$21:$AB$33, MATCH(K45/$AH45, F!$O$21:$O$33,1), MATCH(E45, F!$P$20:$AB$20,1)),0) + IFERROR( Q45*INDEX(F!$P$21:$AB$33, MATCH(O45/$AH45, F!$O$21:$O$33,1), MATCH(E45, F!$P$20:$AB$20,1)), 0) + IFERROR( U45*INDEX(F!$P$21:$AB$33, MATCH(S45/$AH45, F!$O$21:$O$33,1), MATCH(E45, F!$P$20:$AB$20,1)),0) + IFERROR(Y45*INDEX(F!$P$21:$AB$33, MATCH(W45/$AH45, F!$O$21:$O$33,1), MATCH(E45, F!$P$20:$AB$20,1)),0) + IFERROR( AC45*INDEX(F!$P$21:$AB$33, MATCH(AA45/$AH45, F!$O$21:$O$33,1), MATCH(E45, F!$P$20:$AB$20,1)),)} -> 0
G46: =IF(J46<>0, IFERROR(IF( $F46=2, MROUND($AH46*J46,1), IF( OR($F46="",$F46=1), MROUND($AH46*J46,2.5), MROUND($AH46*J46, 0.1))), "" ), "") | K46: =IF(N46<>0, IFERROR(IF( $F46=2, MROUND($AH46*N46,1), IF( OR($F46="",$F46=1), MROUND($AH46*N46,2.5), MROUND($AH46*N46, 0.1))), "" ), "") | O46: =IF(R46<>0, IFERROR(IF( $F46=2, MROUND($AH46*R46,1), IF( OR($F46="",$F46=1), MROUND($AH46*R46,2.5), MROUND($AH46*R46, 0.1))), "" ), "") | S46: =IF(V46<>0, IFERROR(IF( $F46=2, MROUND($AH46*V46,1), IF( OR($F46="",$F46=1), MROUND($AH46*V46,2.5), MROUND($AH46*V46, 0.1))), "" ), "") | W46: =IF(Z46<>0, IFERROR(IF( $F46=2, MROUND($AH46*Z46,1), IF( OR($F46="",$F46=1), MROUND($AH46*Z46,2.5), MROUND($AH46*Z46, 0.1))), "" ), "") | AA46: =IF(AD46<>0, IFERROR(IF( $F46=2, MROUND($AH46*AD46,1), IF( OR($F46="",$F46=1), MROUND($AH46*AD46,2.5), MROUND($AH46*AD46, 0.1))), "" ), "") | AE46: =(IF(ISNUMBER(G46),G46,0)*H46*I46+IF(ISNUMBER(K46),K46,1)*L46*M46+IF(ISNUMBER(O46),O46,1)*P46*Q46+IF(ISNUMBER(S46),S46,1)*T46*U46+IF(ISNUMBER(W46),W46,1)*X46*Y46+IF(ISNUMBER(AA46),AA46,1)*AB46*AC46)*IF(ISNUMBER(F46),F46,1) -> 0 | AF46: =IFERROR(AE46/AJ46,0) -> 0 | AG46: =IFERROR((AF46/(AH46*IF(ISNUMBER(F46),F46,1))),0) -> 0 | AI46: =( IF(ISNUMBER(G46), VLOOKUP(G46/$AH46,F!$A1:$B101,2,1)*G46*$H46*$I46,0)+IF(ISNUMBER(K46), VLOOKUP(K46/$AH46,F!$A1:$B101,2,1)*K46*$L46*$M46,0)+IF(ISNUMBER(O46), VLOOKUP(O46/$AH46,F!$A1:$B101,2,1)*O46*$P46*$Q46,0)+IF(ISNUMBER(S46), VLOOKUP(S46/$AH46,F!$A1:$B101,2,1)*S46*$T46*$U46,0)+IF(ISNUMBER(W46), VLOOKUP(W46/$AH46,F!$A1:$B101,2,1)*W46*$X46*$Y46,0)+IF(ISNUMBER(AA46), VLOOKUP(AA46/$AH46,F!$A1:$B101,2,1)*AA46*$AB46*$AC46,0))*IF(ISNUMBER(F46),F46,1)*IF(ISNUMBER(E46),E46,1) -> 0 | AJ46: =H46*I46+L46*M46+P46*Q46+T46*U46+X46*Y46+AB46*AC46 -> 0 | AK46: {=IFERROR(I46*INDEX(F!$P$21:$AB$33, MATCH(G46/$AH46, F!$O$21:$O$33,1), MATCH(E46, F!$P$20:$AB$20,1)), 0 ) +IFERROR( M46*INDEX(F!$P$21:$AB$33, MATCH(K46/$AH46, F!$O$21:$O$33,1), MATCH(E46, F!$P$20:$AB$20,1)),0) + IFERROR( Q46*INDEX(F!$P$21:$AB$33, MATCH(O46/$AH46, F!$O$21:$O$33,1), MATCH(E46, F!$P$20:$AB$20,1)), 0) + IFERROR( U46*INDEX(F!$P$21:$AB$33, MATCH(S46/$AH46, F!$O$21:$O$33,1), MATCH(E46, F!$P$20:$AB$20,1)),0) + IFERROR(Y46*INDEX(F!$P$21:$AB$33, MATCH(W46/$AH46, F!$O$21:$O$33,1), MATCH(E46, F!$P$20:$AB$20,1)),0) + IFERROR( AC46*INDEX(F!$P$21:$AB$33, MATCH(AA46/$AH46, F!$O$21:$O$33,1), MATCH(E46, F!$P$20:$AB$20,1)),)} -> 0
G47: =IF(J47<>0, IFERROR(IF( $F47=2, MROUND($AH47*J47,1), IF( OR($F47="",$F47=1), MROUND($AH47*J47,2.5), MROUND($AH47*J47, 0.1))), "" ), "") | K47: =IF(N47<>0, IFERROR(IF( $F47=2, MROUND($AH47*N47,1), IF( OR($F47="",$F47=1), MROUND($AH47*N47,2.5), MROUND($AH47*N47, 0.1))), "" ), "") | O47: =IF(R47<>0, IFERROR(IF( $F47=2, MROUND($AH47*R47,1), IF( OR($F47="",$F47=1), MROUND($AH47*R47,2.5), MROUND($AH47*R47, 0.1))), "" ), "") | S47: =IF(V47<>0, IFERROR(IF( $F47=2, MROUND($AH47*V47,1), IF( OR($F47="",$F47=1), MROUND($AH47*V47,2.5), MROUND($AH47*V47, 0.1))), "" ), "") | W47: =IF(Z47<>0, IFERROR(IF( $F47=2, MROUND($AH47*Z47,1), IF( OR($F47="",$F47=1), MROUND($AH47*Z47,2.5), MROUND($AH47*Z47, 0.1))), "" ), "") | AA47: =IF(AD47<>0, IFERROR(IF( $F47=2, MROUND($AH47*AD47,1), IF( OR($F47="",$F47=1), MROUND($AH47*AD47,2.5), MROUND($AH47*AD47, 0.1))), "" ), "") | AE47: =(IF(ISNUMBER(G47),G47,0)*H47*I47+IF(ISNUMBER(K47),K47,1)*L47*M47+IF(ISNUMBER(O47),O47,1)*P47*Q47+IF(ISNUMBER(S47),S47,1)*T47*U47+IF(ISNUMBER(W47),W47,1)*X47*Y47+IF(ISNUMBER(AA47),AA47,1)*AB47*AC47)*IF(ISNUMBER(F47),F47,1) -> 0 | AF47: =IFERROR(AE47/AJ47,0) -> 0 | AG47: =IFERROR((AF47/(AH47*IF(ISNUMBER(F47),F47,1))),0) -> 0 | AI47: =( IF(ISNUMBER(G47), VLOOKUP(G47/$AH47,F!$A1:$B101,2,1)*G47*$H47*$I47,0)+IF(ISNUMBER(K47), VLOOKUP(K47/$AH47,F!$A1:$B101,2,1)*K47*$L47*$M47,0)+IF(ISNUMBER(O47), VLOOKUP(O47/$AH47,F!$A1:$B101,2,1)*O47*$P47*$Q47,0)+IF(ISNUMBER(S47), VLOOKUP(S47/$AH47,F!$A1:$B101,2,1)*S47*$T47*$U47,0)+IF(ISNUMBER(W47), VLOOKUP(W47/$AH47,F!$A1:$B101,2,1)*W47*$X47*$Y47,0)+IF(ISNUMBER(AA47), VLOOKUP(AA47/$AH47,F!$A1:$B101,2,1)*AA47*$AB47*$AC47,0))*IF(ISNUMBER(F47),F47,1)*IF(ISNUMBER(E47),E47,1) -> 0 | AJ47: =H47*I47+L47*M47+P47*Q47+T47*U47+X47*Y47+AB47*AC47 -> 0 | AK47: {=IFERROR(I47*INDEX(F!$P$21:$AB$33, MATCH(G47/$AH47, F!$O$21:$O$33,1), MATCH(E47, F!$P$20:$AB$20,1)), 0 ) +IFERROR( M47*INDEX(F!$P$21:$AB$33, MATCH(K47/$AH47, F!$O$21:$O$33,1), MATCH(E47, F!$P$20:$AB$20,1)),0) + IFERROR( Q47*INDEX(F!$P$21:$AB$33, MATCH(O47/$AH47, F!$O$21:$O$33,1), MATCH(E47, F!$P$20:$AB$20,1)), 0) + IFERROR( U47*INDEX(F!$P$21:$AB$33, MATCH(S47/$AH47, F!$O$21:$O$33,1), MATCH(E47, F!$P$20:$AB$20,1)),0) + IFERROR(Y47*INDEX(F!$P$21:$AB$33, MATCH(W47/$AH47, F!$O$21:$O$33,1), MATCH(E47, F!$P$20:$AB$20,1)),0) + IFERROR( AC47*INDEX(F!$P$21:$AB$33, MATCH(AA47/$AH47, F!$O$21:$O$33,1), MATCH(E47, F!$P$20:$AB$20,1)),)} -> 0
E48: =ROUND(IFERROR(SUMPRODUCT(AJ40:AJ47,E40:E47)/AJ48,0),3) -> 0 | AE48: =SUM(AE40:AE47) -> 0 | AF48: =IFERROR(AE48/AJ48,0) -> 0 | AG48: =IFERROR( SUMPRODUCT(AG40:AG47,AJ40:AJ47)/AJ48,0) -> 0 | AI48: =SUM(AI40:AI47) -> 0 | AJ48: =SUM(AJ40:AJ47) -> 0 | AK48: =IF(SUM(AK40:AK47)=0,TIME(,0,),TIME(,SUM(AK40:AK47)+F!$V$37,)) -> 0
A49: =A50 -> 43787 | G49: =IF(J49<>0, IFERROR(IF( $F49=2, MROUND($AH49*J49,1), IF( OR($F49="",$F49=1), MROUND($AH49*J49,2.5), MROUND($AH49*J49, 0.1))), "" ), "") | K49: =IF(N49<>0, IFERROR(IF( $F49=2, MROUND($AH49*N49,1), IF( OR($F49="",$F49=1), MROUND($AH49*N49,2.5), MROUND($AH49*N49, 0.1))), "" ), "") | O49: =IF(R49<>0, IFERROR(IF( $F49=2, MROUND($AH49*R49,1), IF( OR($F49="",$F49=1), MROUND($AH49*R49,2.5), MROUND($AH49*R49, 0.1))), "" ), "") | S49: =IF(V49<>0, IFERROR(IF( $F49=2, MROUND($AH49*V49,1), IF( OR($F49="",$F49=1), MROUND($AH49*V49,2.5), MROUND($AH49*V49, 0.1))), "" ), "") | W49: =IF(Z49<>0, IFERROR(IF( $F49=2, MROUND($AH49*Z49,1), IF( OR($F49="",$F49=1), MROUND($AH49*Z49,2.5), MROUND($AH49*Z49, 0.1))), "" ), "") | AA49: =IF(AD49<>0, IFERROR(IF( $F49=2, MROUND($AH49*AD49,1), IF( OR($F49="",$F49=1), MROUND($AH49*AD49,2.5), MROUND($AH49*AD49, 0.1))), "" ), "") | AE49: =(IF(ISNUMBER(G49),G49,0)*H49*I49+IF(ISNUMBER(K49),K49,1)*L49*M49+IF(ISNUMBER(O49),O49,1)*P49*Q49+IF(ISNUMBER(S49),S49,1)*T49*U49+IF(ISNUMBER(W49),W49,1)*X49*Y49+IF(ISNUMBER(AA49),AA49,1)*AB49*AC49)*IF(ISNUMBER(F49),F49,1) -> 0 | AF49: =IFERROR(AE49/AJ49,0) -> 0 | AG49: =IFERROR((AF49/(AH49*IF(ISNUMBER(F49),F49,1))),0) -> 0 | AI49: =( IF(ISNUMBER(G49), VLOOKUP(G49/$AH49,F!$A1:$B101,2,1)*G49*$H49*$I49,0)+IF(ISNUMBER(K49), VLOOKUP(K49/$AH49,F!$A1:$B101,2,1)*K49*$L49*$M49,0)+IF(ISNUMBER(O49), VLOOKUP(O49/$AH49,F!$A1:$B101,2,1)*O49*$P49*$Q49,0)+IF(ISNUMBER(S49), VLOOKUP(S49/$AH49,F!$A1:$B101,2,1)*S49*$T49*$U49,0)+IF(ISNUMBER(W49), VLOOKUP(W49/$AH49,F!$A1:$B101,2,1)*W49*$X49*$Y49,0)+IF(ISNUMBER(AA49), VLOOKUP(AA49/$AH49,F!$A1:$B101,2,1)*AA49*$AB49*$AC49,0))*IF(ISNUMBER(F49),F49,1)*IF(ISNUMBER(E49),E49,1) -> 0 | AJ49: =H49*I49+L49*M49+P49*Q49+T49*U49+X49*Y49+AB49*AC49 -> 0 | AK49: {=IFERROR(I49*INDEX(F!$P$21:$AB$33, MATCH(G49/$AH49, F!$O$21:$O$33,1), MATCH(E49, F!$P$20:$AB$20,1)), 0 ) +IFERROR( M49*INDEX(F!$P$21:$AB$33, MATCH(K49/$AH49, F!$O$21:$O$33,1), MATCH(E49, F!$P$20:$AB$20,1)),0) + IFERROR( Q49*INDEX(F!$P$21:$AB$33, MATCH(O49/$AH49, F!$O$21:$O$33,1), MATCH(E49, F!$P$20:$AB$20,1)), 0) + IFERROR( U49*INDEX(F!$P$21:$AB$33, MATCH(S49/$AH49, F!$O$21:$O$33,1), MATCH(E49, F!$P$20:$AB$20,1)),0) + IFERROR(Y49*INDEX(F!$P$21:$AB$33, MATCH(W49/$AH49, F!$O$21:$O$33,1), MATCH(E49, F!$P$20:$AB$20,1)),0) + IFERROR( AC49*INDEX(F!$P$21:$AB$33, MATCH(AA49/$AH49, F!$O$21:$O$33,1), MATCH(E49, F!$P$20:$AB$20,1)),)} -> 0
A50: =A41+1 -> 43787 | G50: =IF(J50<>0, IFERROR(IF( $F50=2, MROUND($AH50*J50,1), IF( OR($F50="",$F50=1), MROUND($AH50*J50,2.5), MROUND($AH50*J50, 0.1))), "" ), "") | K50: =IF(N50<>0, IFERROR(IF( $F50=2, MROUND($AH50*N50,1), IF( OR($F50="",$F50=1), MROUND($AH50*N50,2.5), MROUND($AH50*N50, 0.1))), "" ), "") | O50: =IF(R50<>0, IFERROR(IF( $F50=2, MROUND($AH50*R50,1), IF( OR($F50="",$F50=1), MROUND($AH50*R50,2.5), MROUND($AH50*R50, 0.1))), "" ), "") | S50: =IF(V50<>0, IFERROR(IF( $F50=2, MROUND($AH50*V50,1), IF( OR($F50="",$F50=1), MROUND($AH50*V50,2.5), MROUND($AH50*V50, 0.1))), "" ), "") | W50: =IF(Z50<>0, IFERROR(IF( $F50=2, MROUND($AH50*Z50,1), IF( OR($F50="",$F50=1), MROUND($AH50*Z50,2.5), MROUND($AH50*Z50, 0.1))), "" ), "") | AA50: =IF(AD50<>0, IFERROR(IF( $F50=2, MROUND($AH50*AD50,1), IF( OR($F50="",$F50=1), MROUND($AH50*AD50,2.5), MROUND($AH50*AD50, 0.1))), "" ), "") | AE50: =(IF(ISNUMBER(G50),G50,0)*H50*I50+IF(ISNUMBER(K50),K50,1)*L50*M50+IF(ISNUMBER(O50),O50,1)*P50*Q50+IF(ISNUMBER(S50),S50,1)*T50*U50+IF(ISNUMBER(W50),W50,1)*X50*Y50+IF(ISNUMBER(AA50),AA50,1)*AB50*AC50)*IF(ISNUMBER(F50),F50,1) -> 0 | AF50: =IFERROR(AE50/AJ50,0) -> 0 | AG50: =IFERROR((AF50/(AH50*IF(ISNUMBER(F50),F50,1))),0) -> 0 | AI50: =( IF(ISNUMBER(G50), VLOOKUP(G50/$AH50,F!$A1:$B101,2,1)*G50*$H50*$I50,0)+IF(ISNUMBER(K50), VLOOKUP(K50/$AH50,F!$A1:$B101,2,1)*K50*$L50*$M50,0)+IF(ISNUMBER(O50), VLOOKUP(O50/$AH50,F!$A1:$B101,2,1)*O50*$P50*$Q50,0)+IF(ISNUMBER(S50), VLOOKUP(S50/$AH50,F!$A1:$B101,2,1)*S50*$T50*$U50,0)+IF(ISNUMBER(W50), VLOOKUP(W50/$AH50,F!$A1:$B101,2,1)*W50*$X50*$Y50,0)+IF(ISNUMBER(AA50), VLOOKUP(AA50/$AH50,F!$A1:$B101,2,1)*AA50*$AB50*$AC50,0))*IF(ISNUMBER(F50),F50,1)*IF(ISNUMBER(E50),E50,1) -> 0 | AJ50: =H50*I50+L50*M50+P50*Q50+T50*U50+X50*Y50+AB50*AC50 -> 0 | AK50: {=IFERROR(I50*INDEX(F!$P$21:$AB$33, MATCH(G50/$AH50, F!$O$21:$O$33,1), MATCH(E50, F!$P$20:$AB$20,1)), 0 ) +IFERROR( M50*INDEX(F!$P$21:$AB$33, MATCH(K50/$AH50, F!$O$21:$O$33,1), MATCH(E50, F!$P$20:$AB$20,1)),0) + IFERROR( Q50*INDEX(F!$P$21:$AB$33, MATCH(O50/$AH50, F!$O$21:$O$33,1), MATCH(E50, F!$P$20:$AB$20,1)), 0) + IFERROR( U50*INDEX(F!$P$21:$AB$33, MATCH(S50/$AH50, F!$O$21:$O$33,1), MATCH(E50, F!$P$20:$AB$20,1)),0) + IFERROR(Y50*INDEX(F!$P$21:$AB$33, MATCH(W50/$AH50, F!$O$21:$O$33,1), MATCH(E50, F!$P$20:$AB$20,1)),0) + IFERROR( AC50*INDEX(F!$P$21:$AB$33, MATCH(AA50/$AH50, F!$O$21:$O$33,1), MATCH(E50, F!$P$20:$AB$20,1)),)} -> 0
G51: =IF(J51<>0, IFERROR(IF( $F51=2, MROUND($AH51*J51,1), IF( OR($F51="",$F51=1), MROUND($AH51*J51,2.5), MROUND($AH51*J51, 0.1))), "" ), "") | K51: =IF(N51<>0, IFERROR(IF( $F51=2, MROUND($AH51*N51,1), IF( OR($F51="",$F51=1), MROUND($AH51*N51,2.5), MROUND($AH51*N51, 0.1))), "" ), "") | O51: =IF(R51<>0, IFERROR(IF( $F51=2, MROUND($AH51*R51,1), IF( OR($F51="",$F51=1), MROUND($AH51*R51,2.5), MROUND($AH51*R51, 0.1))), "" ), "") | S51: =IF(V51<>0, IFERROR(IF( $F51=2, MROUND($AH51*V51,1), IF( OR($F51="",$F51=1), MROUND($AH51*V51,2.5), MROUND($AH51*V51, 0.1))), "" ), "") | W51: =IF(Z51<>0, IFERROR(IF( $F51=2, MROUND($AH51*Z51,1), IF( OR($F51="",$F51=1), MROUND($AH51*Z51,2.5), MROUND($AH51*Z51, 0.1))), "" ), "") | AA51: =IF(AD51<>0, IFERROR(IF( $F51=2, MROUND($AH51*AD51,1), IF( OR($F51="",$F51=1), MROUND($AH51*AD51,2.5), MROUND($AH51*AD51, 0.1))), "" ), "") | AE51: =(IF(ISNUMBER(G51),G51,0)*H51*I51+IF(ISNUMBER(K51),K51,1)*L51*M51+IF(ISNUMBER(O51),O51,1)*P51*Q51+IF(ISNUMBER(S51),S51,1)*T51*U51+IF(ISNUMBER(W51),W51,1)*X51*Y51+IF(ISNUMBER(AA51),AA51,1)*AB51*AC51)*IF(ISNUMBER(F51),F51,1) -> 0 | AF51: =IFERROR(AE51/AJ51,0) -> 0 | AG51: =IFERROR((AF51/(AH51*IF(ISNUMBER(F51),F51,1))),0) -> 0 | AI51: =( IF(ISNUMBER(G51), VLOOKUP(G51/$AH51,F!$A1:$B101,2,1)*G51*$H51*$I51,0)+IF(ISNUMBER(K51), VLOOKUP(K51/$AH51,F!$A1:$B101,2,1)*K51*$L51*$M51,0)+IF(ISNUMBER(O51), VLOOKUP(O51/$AH51,F!$A1:$B101,2,1)*O51*$P51*$Q51,0)+IF(ISNUMBER(S51), VLOOKUP(S51/$AH51,F!$A1:$B101,2,1)*S51*$T51*$U51,0)+IF(ISNUMBER(W51), VLOOKUP(W51/$AH51,F!$A1:$B101,2,1)*W51*$X51*$Y51,0)+IF(ISNUMBER(AA51), VLOOKUP(AA51/$AH51,F!$A1:$B101,2,1)*AA51*$AB51*$AC51,0))*IF(ISNUMBER(F51),F51,1)*IF(ISNUMBER(E51),E51,1) -> 0 | AJ51: =H51*I51+L51*M51+P51*Q51+T51*U51+X51*Y51+AB51*AC51 -> 0 | AK51: {=IFERROR(I51*INDEX(F!$P$21:$AB$33, MATCH(G51/$AH51, F!$O$21:$O$33,1), MATCH(E51, F!$P$20:$AB$20,1)), 0 ) +IFERROR( M51*INDEX(F!$P$21:$AB$33, MATCH(K51/$AH51, F!$O$21:$O$33,1), MATCH(E51, F!$P$20:$AB$20,1)),0) + IFERROR( Q51*INDEX(F!$P$21:$AB$33, MATCH(O51/$AH51, F!$O$21:$O$33,1), MATCH(E51, F!$P$20:$AB$20,1)), 0) + IFERROR( U51*INDEX(F!$P$21:$AB$33, MATCH(S51/$AH51, F!$O$21:$O$33,1), MATCH(E51, F!$P$20:$AB$20,1)),0) + IFERROR(Y51*INDEX(F!$P$21:$AB$33, MATCH(W51/$AH51, F!$O$21:$O$33,1), MATCH(E51, F!$P$20:$AB$20,1)),0) + IFERROR( AC51*INDEX(F!$P$21:$AB$33, MATCH(AA51/$AH51, F!$O$21:$O$33,1), MATCH(E51, F!$P$20:$AB$20,1)),)} -> 0
G52: =IF(J52<>0, IFERROR(IF( $F52=2, MROUND($AH52*J52,1), IF( OR($F52="",$F52=1), MROUND($AH52*J52,2.5), MROUND($AH52*J52, 0.1))), "" ), "") | K52: =IF(N52<>0, IFERROR(IF( $F52=2, MROUND($AH52*N52,1), IF( OR($F52="",$F52=1), MROUND($AH52*N52,2.5), MROUND($AH52*N52, 0.1))), "" ), "") | O52: =IF(R52<>0, IFERROR(IF( $F52=2, MROUND($AH52*R52,1), IF( OR($F52="",$F52=1), MROUND($AH52*R52,2.5), MROUND($AH52*R52, 0.1))), "" ), "") | S52: =IF(V52<>0, IFERROR(IF( $F52=2, MROUND($AH52*V52,1), IF( OR($F52="",$F52=1), MROUND($AH52*V52,2.5), MROUND($AH52*V52, 0.1))), "" ), "") | W52: =IF(Z52<>0, IFERROR(IF( $F52=2, MROUND($AH52*Z52,1), IF( OR($F52="",$F52=1), MROUND($AH52*Z52,2.5), MROUND($AH52*Z52, 0.1))), "" ), "") | AA52: =IF(AD52<>0, IFERROR(IF( $F52=2, MROUND($AH52*AD52,1), IF( OR($F52="",$F52=1), MROUND($AH52*AD52,2.5), MROUND($AH52*AD52, 0.1))), "" ), "") | AE52: =(IF(ISNUMBER(G52),G52,0)*H52*I52+IF(ISNUMBER(K52),K52,1)*L52*M52+IF(ISNUMBER(O52),O52,1)*P52*Q52+IF(ISNUMBER(S52),S52,1)*T52*U52+IF(ISNUMBER(W52),W52,1)*X52*Y52+IF(ISNUMBER(AA52),AA52,1)*AB52*AC52)*IF(ISNUMBER(F52),F52,1) -> 0 | AF52: =IFERROR(AE52/AJ52,0) -> 0 | AG52: =IFERROR((AF52/(AH52*IF(ISNUMBER(F52),F52,1))),0) -> 0 | AI52: =( IF(ISNUMBER(G52), VLOOKUP(G52/$AH52,F!$A1:$B101,2,1)*G52*$H52*$I52,0)+IF(ISNUMBER(K52), VLOOKUP(K52/$AH52,F!$A1:$B101,2,1)*K52*$L52*$M52,0)+IF(ISNUMBER(O52), VLOOKUP(O52/$AH52,F!$A1:$B101,2,1)*O52*$P52*$Q52,0)+IF(ISNUMBER(S52), VLOOKUP(S52/$AH52,F!$A1:$B101,2,1)*S52*$T52*$U52,0)+IF(ISNUMBER(W52), VLOOKUP(W52/$AH52,F!$A1:$B101,2,1)*W52*$X52*$Y52,0)+IF(ISNUMBER(AA52), VLOOKUP(AA52/$AH52,F!$A1:$B101,2,1)*AA52*$AB52*$AC52,0))*IF(ISNUMBER(F52),F52,1)*IF(ISNUMBER(E52),E52,1) -> 0 | AJ52: =H52*I52+L52*M52+P52*Q52+T52*U52+X52*Y52+AB52*AC52 -> 0 | AK52: {=IFERROR(I52*INDEX(F!$P$21:$AB$33, MATCH(G52/$AH52, F!$O$21:$O$33,1), MATCH(E52, F!$P$20:$AB$20,1)), 0 ) +IFERROR( M52*INDEX(F!$P$21:$AB$33, MATCH(K52/$AH52, F!$O$21:$O$33,1), MATCH(E52, F!$P$20:$AB$20,1)),0) + IFERROR( Q52*INDEX(F!$P$21:$AB$33, MATCH(O52/$AH52, F!$O$21:$O$33,1), MATCH(E52, F!$P$20:$AB$20,1)), 0) + IFERROR( U52*INDEX(F!$P$21:$AB$33, MATCH(S52/$AH52, F!$O$21:$O$33,1), MATCH(E52, F!$P$20:$AB$20,1)),0) + IFERROR(Y52*INDEX(F!$P$21:$AB$33, MATCH(W52/$AH52, F!$O$21:$O$33,1), MATCH(E52, F!$P$20:$AB$20,1)),0) + IFERROR( AC52*INDEX(F!$P$21:$AB$33, MATCH(AA52/$AH52, F!$O$21:$O$33,1), MATCH(E52, F!$P$20:$AB$20,1)),)} -> 0
G53: =IF(J53<>0, IFERROR(IF( $F53=2, MROUND($AH53*J53,1), IF( OR($F53="",$F53=1), MROUND($AH53*J53,2.5), MROUND($AH53*J53, 0.1))), "" ), "") | K53: =IF(N53<>0, IFERROR(IF( $F53=2, MROUND($AH53*N53,1), IF( OR($F53="",$F53=1), MROUND($AH53*N53,2.5), MROUND($AH53*N53, 0.1))), "" ), "") | O53: =IF(R53<>0, IFERROR(IF( $F53=2, MROUND($AH53*R53,1), IF( OR($F53="",$F53=1), MROUND($AH53*R53,2.5), MROUND($AH53*R53, 0.1))), "" ), "") | S53: =IF(V53<>0, IFERROR(IF( $F53=2, MROUND($AH53*V53,1), IF( OR($F53="",$F53=1), MROUND($AH53*V53,2.5), MROUND($AH53*V53, 0.1))), "" ), "") | W53: =IF(Z53<>0, IFERROR(IF( $F53=2, MROUND($AH53*Z53,1), IF( OR($F53="",$F53=1), MROUND($AH53*Z53,2.5), MROUND($AH53*Z53, 0.1))), "" ), "") | AA53: =IF(AD53<>0, IFERROR(IF( $F53=2, MROUND($AH53*AD53,1), IF( OR($F53="",$F53=1), MROUND($AH53*AD53,2.5), MROUND($AH53*AD53, 0.1))), "" ), "") | AE53: =(IF(ISNUMBER(G53),G53,0)*H53*I53+IF(ISNUMBER(K53),K53,1)*L53*M53+IF(ISNUMBER(O53),O53,1)*P53*Q53+IF(ISNUMBER(S53),S53,1)*T53*U53+IF(ISNUMBER(W53),W53,1)*X53*Y53+IF(ISNUMBER(AA53),AA53,1)*AB53*AC53)*IF(ISNUMBER(F53),F53,1) -> 0 | AF53: =IFERROR(AE53/AJ53,0) -> 0 | AG53: =IFERROR((AF53/(AH53*IF(ISNUMBER(F53),F53,1))),0) -> 0 | AI53: =( IF(ISNUMBER(G53), VLOOKUP(G53/$AH53,F!$A1:$B101,2,1)*G53*$H53*$I53,0)+IF(ISNUMBER(K53), VLOOKUP(K53/$AH53,F!$A1:$B101,2,1)*K53*$L53*$M53,0)+IF(ISNUMBER(O53), VLOOKUP(O53/$AH53,F!$A1:$B101,2,1)*O53*$P53*$Q53,0)+IF(ISNUMBER(S53), VLOOKUP(S53/$AH53,F!$A1:$B101,2,1)*S53*$T53*$U53,0)+IF(ISNUMBER(W53), VLOOKUP(W53/$AH53,F!$A1:$B101,2,1)*W53*$X53*$Y53,0)+IF(ISNUMBER(AA53), VLOOKUP(AA53/$AH53,F!$A1:$B101,2,1)*AA53*$AB53*$AC53,0))*IF(ISNUMBER(F53),F53,1)*IF(ISNUMBER(E53),E53,1) -> 0 | AJ53: =H53*I53+L53*M53+P53*Q53+T53*U53+X53*Y53+AB53*AC53 -> 0 | AK53: {=IFERROR(I53*INDEX(F!$P$21:$AB$33, MATCH(G53/$AH53, F!$O$21:$O$33,1), MATCH(E53, F!$P$20:$AB$20,1)), 0 ) +IFERROR( M53*INDEX(F!$P$21:$AB$33, MATCH(K53/$AH53, F!$O$21:$O$33,1), MATCH(E53, F!$P$20:$AB$20,1)),0) + IFERROR( Q53*INDEX(F!$P$21:$AB$33, MATCH(O53/$AH53, F!$O$21:$O$33,1), MATCH(E53, F!$P$20:$AB$20,1)), 0) + IFERROR( U53*INDEX(F!$P$21:$AB$33, MATCH(S53/$AH53, F!$O$21:$O$33,1), MATCH(E53, F!$P$20:$AB$20,1)),0) + IFERROR(Y53*INDEX(F!$P$21:$AB$33, MATCH(W53/$AH53, F!$O$21:$O$33,1), MATCH(E53, F!$P$20:$AB$20,1)),0) + IFERROR( AC53*INDEX(F!$P$21:$AB$33, MATCH(AA53/$AH53, F!$O$21:$O$33,1), MATCH(E53, F!$P$20:$AB$20,1)),)} -> 0
G54: =IF(J54<>0, IFERROR(IF( $F54=2, MROUND($AH54*J54,1), IF( OR($F54="",$F54=1), MROUND($AH54*J54,2.5), MROUND($AH54*J54, 0.1))), "" ), "") | K54: =IF(N54<>0, IFERROR(IF( $F54=2, MROUND($AH54*N54,1), IF( OR($F54="",$F54=1), MROUND($AH54*N54,2.5), MROUND($AH54*N54, 0.1))), "" ), "") | O54: =IF(R54<>0, IFERROR(IF( $F54=2, MROUND($AH54*R54,1), IF( OR($F54="",$F54=1), MROUND($AH54*R54,2.5), MROUND($AH54*R54, 0.1))), "" ), "") | S54: =IF(V54<>0, IFERROR(IF( $F54=2, MROUND($AH54*V54,1), IF( OR($F54="",$F54=1), MROUND($AH54*V54,2.5), MROUND($AH54*V54, 0.1))), "" ), "") | W54: =IF(Z54<>0, IFERROR(IF( $F54=2, MROUND($AH54*Z54,1), IF( OR($F54="",$F54=1), MROUND($AH54*Z54,2.5), MROUND($AH54*Z54, 0.1))), "" ), "") | AA54: =IF(AD54<>0, IFERROR(IF( $F54=2, MROUND($AH54*AD54,1), IF( OR($F54="",$F54=1), MROUND($AH54*AD54,2.5), MROUND($AH54*AD54, 0.1))), "" ), "") | AE54: =(IF(ISNUMBER(G54),G54,0)*H54*I54+IF(ISNUMBER(K54),K54,1)*L54*M54+IF(ISNUMBER(O54),O54,1)*P54*Q54+IF(ISNUMBER(S54),S54,1)*T54*U54+IF(ISNUMBER(W54),W54,1)*X54*Y54+IF(ISNUMBER(AA54),AA54,1)*AB54*AC54)*IF(ISNUMBER(F54),F54,1) -> 0 | AF54: =IFERROR(AE54/AJ54,0) -> 0 | AG54: =IFERROR((AF54/(AH54*IF(ISNUMBER(F54),F54,1))),0) -> 0 | AI54: =( IF(ISNUMBER(G54), VLOOKUP(G54/$AH54,F!$A1:$B101,2,1)*G54*$H54*$I54,0)+IF(ISNUMBER(K54), VLOOKUP(K54/$AH54,F!$A1:$B101,2,1)*K54*$L54*$M54,0)+IF(ISNUMBER(O54), VLOOKUP(O54/$AH54,F!$A1:$B101,2,1)*O54*$P54*$Q54,0)+IF(ISNUMBER(S54), VLOOKUP(S54/$AH54,F!$A1:$B101,2,1)*S54*$T54*$U54,0)+IF(ISNUMBER(W54), VLOOKUP(W54/$AH54,F!$A1:$B101,2,1)*W54*$X54*$Y54,0)+IF(ISNUMBER(AA54), VLOOKUP(AA54/$AH54,F!$A1:$B101,2,1)*AA54*$AB54*$AC54,0))*IF(ISNUMBER(F54),F54,1)*IF(ISNUMBER(E54),E54,1) -> 0 | AJ54: =H54*I54+L54*M54+P54*Q54+T54*U54+X54*Y54+AB54*AC54 -> 0 | AK54: {=IFERROR(I54*INDEX(F!$P$21:$AB$33, MATCH(G54/$AH54, F!$O$21:$O$33,1), MATCH(E54, F!$P$20:$AB$20,1)), 0 ) +IFERROR( M54*INDEX(F!$P$21:$AB$33, MATCH(K54/$AH54, F!$O$21:$O$33,1), MATCH(E54, F!$P$20:$AB$20,1)),0) + IFERROR( Q54*INDEX(F!$P$21:$AB$33, MATCH(O54/$AH54, F!$O$21:$O$33,1), MATCH(E54, F!$P$20:$AB$20,1)), 0) + IFERROR( U54*INDEX(F!$P$21:$AB$33, MATCH(S54/$AH54, F!$O$21:$O$33,1), MATCH(E54, F!$P$20:$AB$20,1)),0) + IFERROR(Y54*INDEX(F!$P$21:$AB$33, MATCH(W54/$AH54, F!$O$21:$O$33,1), MATCH(E54, F!$P$20:$AB$20,1)),0) + IFERROR( AC54*INDEX(F!$P$21:$AB$33, MATCH(AA54/$AH54, F!$O$21:$O$33,1), MATCH(E54, F!$P$20:$AB$20,1)),)} -> 0
G55: =IF(J55<>0, IFERROR(IF( $F55=2, MROUND($AH55*J55,1), IF( OR($F55="",$F55=1), MROUND($AH55*J55,2.5), MROUND($AH55*J55, 0.1))), "" ), "") | K55: =IF(N55<>0, IFERROR(IF( $F55=2, MROUND($AH55*N55,1), IF( OR($F55="",$F55=1), MROUND($AH55*N55,2.5), MROUND($AH55*N55, 0.1))), "" ), "") | O55: =IF(R55<>0, IFERROR(IF( $F55=2, MROUND($AH55*R55,1), IF( OR($F55="",$F55=1), MROUND($AH55*R55,2.5), MROUND($AH55*R55, 0.1))), "" ), "") | S55: =IF(V55<>0, IFERROR(IF( $F55=2, MROUND($AH55*V55,1), IF( OR($F55="",$F55=1), MROUND($AH55*V55,2.5), MROUND($AH55*V55, 0.1))), "" ), "") | W55: =IF(Z55<>0, IFERROR(IF( $F55=2, MROUND($AH55*Z55,1), IF( OR($F55="",$F55=1), MROUND($AH55*Z55,2.5), MROUND($AH55*Z55, 0.1))), "" ), "") | AA55: =IF(AD55<>0, IFERROR(IF( $F55=2, MROUND($AH55*AD55,1), IF( OR($F55="",$F55=1), MROUND($AH55*AD55,2.5), MROUND($AH55*AD55, 0.1))), "" ), "") | AE55: =(IF(ISNUMBER(G55),G55,0)*H55*I55+IF(ISNUMBER(K55),K55,1)*L55*M55+IF(ISNUMBER(O55),O55,1)*P55*Q55+IF(ISNUMBER(S55),S55,1)*T55*U55+IF(ISNUMBER(W55),W55,1)*X55*Y55+IF(ISNUMBER(AA55),AA55,1)*AB55*AC55)*IF(ISNUMBER(F55),F55,1) -> 0 | AF55: =IFERROR(AE55/AJ55,0) -> 0 | AG55: =IFERROR((AF55/(AH55*IF(ISNUMBER(F55),F55,1))),0) -> 0 | AI55: =( IF(ISNUMBER(G55), VLOOKUP(G55/$AH55,F!$A1:$B101,2,1)*G55*$H55*$I55,0)+IF(ISNUMBER(K55), VLOOKUP(K55/$AH55,F!$A1:$B101,2,1)*K55*$L55*$M55,0)+IF(ISNUMBER(O55), VLOOKUP(O55/$AH55,F!$A1:$B101,2,1)*O55*$P55*$Q55,0)+IF(ISNUMBER(S55), VLOOKUP(S55/$AH55,F!$A1:$B101,2,1)*S55*$T55*$U55,0)+IF(ISNUMBER(W55), VLOOKUP(W55/$AH55,F!$A1:$B101,2,1)*W55*$X55*$Y55,0)+IF(ISNUMBER(AA55), VLOOKUP(AA55/$AH55,F!$A1:$B101,2,1)*AA55*$AB55*$AC55,0))*IF(ISNUMBER(F55),F55,1)*IF(ISNUMBER(E55),E55,1) -> 0 | AJ55: =H55*I55+L55*M55+P55*Q55+T55*U55+X55*Y55+AB55*AC55 -> 0 | AK55: {=IFERROR(I55*INDEX(F!$P$21:$AB$33, MATCH(G55/$AH55, F!$O$21:$O$33,1), MATCH(E55, F!$P$20:$AB$20,1)), 0 ) +IFERROR( M55*INDEX(F!$P$21:$AB$33, MATCH(K55/$AH55, F!$O$21:$O$33,1), MATCH(E55, F!$P$20:$AB$20,1)),0) + IFERROR( Q55*INDEX(F!$P$21:$AB$33, MATCH(O55/$AH55, F!$O$21:$O$33,1), MATCH(E55, F!$P$20:$AB$20,1)), 0) + IFERROR( U55*INDEX(F!$P$21:$AB$33, MATCH(S55/$AH55, F!$O$21:$O$33,1), MATCH(E55, F!$P$20:$AB$20,1)),0) + IFERROR(Y55*INDEX(F!$P$21:$AB$33, MATCH(W55/$AH55, F!$O$21:$O$33,1), MATCH(E55, F!$P$20:$AB$20,1)),0) + IFERROR( AC55*INDEX(F!$P$21:$AB$33, MATCH(AA55/$AH55, F!$O$21:$O$33,1), MATCH(E55, F!$P$20:$AB$20,1)),)} -> 0
G56: =IF(J56<>0, IFERROR(IF( $F56=2, MROUND($AH56*J56,1), IF( OR($F56="",$F56=1), MROUND($AH56*J56,2.5), MROUND($AH56*J56, 0.1))), "" ), "") | K56: =IF(N56<>0, IFERROR(IF( $F56=2, MROUND($AH56*N56,1), IF( OR($F56="",$F56=1), MROUND($AH56*N56,2.5), MROUND($AH56*N56, 0.1))), "" ), "") | O56: =IF(R56<>0, IFERROR(IF( $F56=2, MROUND($AH56*R56,1), IF( OR($F56="",$F56=1), MROUND($AH56*R56,2.5), MROUND($AH56*R56, 0.1))), "" ), "") | S56: =IF(V56<>0, IFERROR(IF( $F56=2, MROUND($AH56*V56,1), IF( OR($F56="",$F56=1), MROUND($AH56*V56,2.5), MROUND($AH56*V56, 0.1))), "" ), "") | W56: =IF(Z56<>0, IFERROR(IF( $F56=2, MROUND($AH56*Z56,1), IF( OR($F56="",$F56=1), MROUND($AH56*Z56,2.5), MROUND($AH56*Z56, 0.1))), "" ), "") | AA56: =IF(AD56<>0, IFERROR(IF( $F56=2, MROUND($AH56*AD56,1), IF( OR($F56="",$F56=1), MROUND($AH56*AD56,2.5), MROUND($AH56*AD56, 0.1))), "" ), "") | AE56: =(IF(ISNUMBER(G56),G56,0)*H56*I56+IF(ISNUMBER(K56),K56,1)*L56*M56+IF(ISNUMBER(O56),O56,1)*P56*Q56+IF(ISNUMBER(S56),S56,1)*T56*U56+IF(ISNUMBER(W56),W56,1)*X56*Y56+IF(ISNUMBER(AA56),AA56,1)*AB56*AC56)*IF(ISNUMBER(F56),F56,1) -> 0 | AF56: =IFERROR(AE56/AJ56,0) -> 0 | AG56: =IFERROR((AF56/(AH56*IF(ISNUMBER(F56),F56,1))),0) -> 0 | AI56: =( IF(ISNUMBER(G56), VLOOKUP(G56/$AH56,F!$A1:$B101,2,1)*G56*$H56*$I56,0)+IF(ISNUMBER(K56), VLOOKUP(K56/$AH56,F!$A1:$B101,2,1)*K56*$L56*$M56,0)+IF(ISNUMBER(O56), VLOOKUP(O56/$AH56,F!$A1:$B101,2,1)*O56*$P56*$Q56,0)+IF(ISNUMBER(S56), VLOOKUP(S56/$AH56,F!$A1:$B101,2,1)*S56*$T56*$U56,0)+IF(ISNUMBER(W56), VLOOKUP(W56/$AH56,F!$A1:$B101,2,1)*W56*$X56*$Y56,0)+IF(ISNUMBER(AA56), VLOOKUP(AA56/$AH56,F!$A1:$B101,2,1)*AA56*$AB56*$AC56,0))*IF(ISNUMBER(F56),F56,1)*IF(ISNUMBER(E56),E56,1) -> 0 | AJ56: =H56*I56+L56*M56+P56*Q56+T56*U56+X56*Y56+AB56*AC56 -> 0 | AK56: {=IFERROR(I56*INDEX(F!$P$21:$AB$33, MATCH(G56/$AH56, F!$O$21:$O$33,1), MATCH(E56, F!$P$20:$AB$20,1)), 0 ) +IFERROR( M56*INDEX(F!$P$21:$AB$33, MATCH(K56/$AH56, F!$O$21:$O$33,1), MATCH(E56, F!$P$20:$AB$20,1)),0) + IFERROR( Q56*INDEX(F!$P$21:$AB$33, MATCH(O56/$AH56, F!$O$21:$O$33,1), MATCH(E56, F!$P$20:$AB$20,1)), 0) + IFERROR( U56*INDEX(F!$P$21:$AB$33, MATCH(S56/$AH56, F!$O$21:$O$33,1), MATCH(E56, F!$P$20:$AB$20,1)),0) + IFERROR(Y56*INDEX(F!$P$21:$AB$33, MATCH(W56/$AH56, F!$O$21:$O$33,1), MATCH(E56, F!$P$20:$AB$20,1)),0) + IFERROR( AC56*INDEX(F!$P$21:$AB$33, MATCH(AA56/$AH56, F!$O$21:$O$33,1), MATCH(E56, F!$P$20:$AB$20,1)),)} -> 0
E57: =ROUND(IFERROR(SUMPRODUCT(AJ49:AJ56,E49:E56)/AJ57,0),3) -> 0 | AE57: =SUM(AE49:AE56) -> 0 | AF57: =IFERROR(AE57/AJ57,0) -> 0 | AG57: =IFERROR( SUMPRODUCT(AG49:AG56,AJ49:AJ56)/AJ57,0) -> 0 | AI57: =SUM(AI49:AI56) -> 0 | AJ57: =SUM(AJ49:AJ56) -> 0 | AK57: =IF(SUM(AK49:AK56)=0,TIME(,0,),TIME(,SUM(AK49:AK56)+F!$V$37,)) -> 0
A58: =A2 -> 7 | E58: =IF(AJ58=0,0,(E68*AJ68 + E77*AJ77 + E86*AJ86 + E95*AJ95 + E104*AJ104 + E113*AJ113 ) /AJ58 ) -> 0.93519588 | F58: Микроцикл | N58: =N2+1 -> 2 | AE58: =AE68+AE77+AE86+AE95+AE104+AE113 -> 16325 | AF58: =IFERROR(AE58/AJ58,0) -> 56.099656 | AG58: =IF(AJ58=0,0,(AG68*AJ68 + AG77*AJ77 + AG86*AJ86 + AG95*AJ95 + AG104*AJ104 + AG113*AJ113 ) /AJ58 ) -> 0.58357864 | AH58: 0.02 | AI58: =AI68+AI77+AI86+AI95+AI104+AI113 -> #DIV/0! | AJ58: =AJ68+AJ77+AJ86+AJ95+AJ104+AJ113 -> 291 | AK58: =AK68+AK77+AK86+AK95+AK104+AK113 -> 0.27638889
A59: Дата | B59: Нагрузка | C59: Группа | D59: Упражнения | E59: Коэф | F59: Множ | G59: Вес | H59: Пов | I59: Под | J59: % | K59: Вес | L59: Пов | M59: Под | N59: % | O59: Вес | P59: Пов | Q59: Под | R59: % | S59: Вес | T59: Пов | U59: Под | V59: % | W59: Вес | X59: Пов | Y59: Под | Z59: % | AA59: Вес | AB59: Пов | AC59: Под | AD59: % | AE59: Тоннаж | AF59: Ср.вес | AG59: ОИ | AH59: ПМ | AI59: Инт.Ф+Б | AJ59: КПШ | AK59: Время | AL59: Комментарии
A60: =A61 -> 43787 | B60: =IF(B4="","",B4) -> Тяжелая | C60: =IF(C4="","",C4) -> ПР | D60: =IF(D4="","",D4) -> Присед | E60: =IF(E4="","",E4) -> 1.2 | F60: =IF(F4="","",F4) | G60: =IF(J60<>0, IFERROR(IF( $F60=2, MROUND($AH60*J60,1), IF( OR($F60="",$F60=1), MROUND($AH60*J60,2.5), MROUND($AH60*J60, 0.1))), "" ), "") -> 82.5 | H60: 4 | I60: 1 | J60: 0.6 | K60: =IF(N60<>0, IFERROR(IF( $F60=2, MROUND($AH60*N60,1), IF( OR($F60="",$F60=1), MROUND($AH60*N60,2.5), MROUND($AH60*N60, 0.1))), "" ), "") -> 97.5 | L60: 3 | M60: 1 | N60: 0.7 | O60: =IF(R60<>0, IFERROR(IF( $F60=2, MROUND($AH60*R60,1), IF( OR($F60="",$F60=1), MROUND($AH60*R60,2.5), MROUND($AH60*R60, 0.1))), "" ), "") -> 110 | P60: 2 | Q60: 5 | R60: 0.8 | S60: =IF(V60<>0, IFERROR(IF( $F60=2, MROUND($AH60*V60,1), IF( OR($F60="",$F60=1), MROUND($AH60*V60,2.5), MROUND($AH60*V60, 0.1))), "" ), "") | W60: =IF(Z60<>0, IFERROR(IF( $F60=2, MROUND($AH60*Z60,1), IF( OR($F60="",$F60=1), MROUND($AH60*Z60,2.5), MROUND($AH60*Z60, 0.1))), "" ), "") | AA60: =IF(AD60<>0, IFERROR(IF( $F60=2, MROUND($AH60*AD60,1), IF( OR($F60="",$F60=1), MROUND($AH60*AD60,2.5), MROUND($AH60*AD60, 0.1))), "" ), "") | AE60: =(IF(ISNUMBER(G60),G60,0)*H60*I60+IF(ISNUMBER(K60),K60,1)*L60*M60+IF(ISNUMBER(O60),O60,1)*P60*Q60+IF(ISNUMBER(S60),S60,1)*T60*U60+IF(ISNUMBER(W60),W60,1)*X60*Y60+IF(ISNUMBER(AA60),AA60,1)*AB60*AC60)*IF(ISNUMBER(F60),F60,1) -> 1722.5 | AF60: =IFERROR(AE60/AJ60,0) -> 101.32353 | AG60: =IFERROR((AF60/(AH60*IF(ISNUMBER(F60),F60,1))),0) -> 0.7358281 | AH60: =IF(ISNUMBER(AH4), AH4+(AH4*$AH$58),"") -> 137.7 | AI60: =( IF(ISNUMBER(G60), VLOOKUP(G60/$AH60,F!$A1:$B101,2,1)*G60*$H60*$I60,0)+IF(ISNUMBER(K60), VLOOKUP(K60/$AH60,F!$A1:$B101,2,1)*K60*$L60*$M60,0)+IF(ISNUMBER(O60), VLOOKUP(O60/$AH60,F!$A1:$B101,2,1)*O60*$P60*$Q60,0)+IF(ISNUMBER(S60), VLOOKUP(S60/$AH60,F!$A1:$B101,2,1)*S60*$T60*$U60,0)+IF(ISNUMBER(W60), VLOOKUP(W60/$AH60,F!$A1:$B101,2,1)*W60*$X60*$Y60,0)+IF(ISNUMBER(AA60), VLOOKUP(AA60/$AH60,F!$A1:$B101,2,1)*AA60*$AB60*$AC60,0))*IF(ISNUMBER(F60),F60,1)*IF(ISNUMBER(E60),E60,1) -> 2525.58 | AJ60: =H60*I60+L60*M60+P60*Q60+T60*U60+X60*Y60+AB60*AC60 -> 17 | AK60: {=IFERROR(I60*INDEX(F!$P$21:$AB$33, MATCH(G60/$AH60, F!$O$21:$O$33,1), MATCH(E60, F!$P$20:$AB$20,1)), 0 ) +IFERROR( M60*INDEX(F!$P$21:$AB$33, MATCH(K60/$AH60, F!$O$21:$O$33,1), MATCH(E60, F!$P$20:$AB$20,1)),0) + IFERROR( Q60*INDEX(F!$P$21:$AB$33, MATCH(O60/$AH60, F!$O$21:$O$33,1), MATCH(E60, F!$P$20:$AB$20,1)), 0) + IFERROR( U60*INDEX(F!$P$21:$AB$33, MATCH(S60/$AH60, F!$O$21:$O$33,1), MATCH(E60, F!$P$20:$AB$20,1)),0) + IFERROR(Y60*INDEX(F!$P$21:$AB$33, MATCH(W60/$AH60, F!$O$21:$O$33,1), MATCH(E60, F!$P$20:$AB$20,1)),0) + IFERROR( AC60*INDEX(F!$P$21:$AB$33, MATCH(AA60/$AH60, F!$O$21:$O$33,1), MATCH(E60, F!$P$20:$AB$20,1)),)} -> 34
A61: =A5+A2 -> 43787 | B61: =IF(B5="","",B5) -> Тяжелая | C61: =IF(C5="","",C5) -> ЖМ | D61: =IF(D5="","",D5) -> Жим лежа | E61: =IF(E5="","",E5) -> 1 | F61: =IF(F5="","",F5) | G61: =IF(J61<>0, IFERROR(IF( $F61=2, MROUND($AH61*J61,1), IF( OR($F61="",$F61=1), MROUND($AH61*J61,2.5), MROUND($AH61*J61, 0.1))), "" ), "") -> 52.5 | H61: 4 | I61: 1 | J61: 0.55 | K61: =IF(N61<>0, IFERROR(IF( $F61=2, MROUND($AH61*N61,1), IF( OR($F61="",$F61=1), MROUND($AH61*N61,2.5), MROUND($AH61*N61, 0.1))), "" ), "") -> 62.5 | L61: 3 | M61: 3 | N61: 0.65 | O61: =IF(R61<>0, IFERROR(IF( $F61=2, MROUND($AH61*R61,1), IF( OR($F61="",$F61=1), MROUND($AH61*R61,2.5), MROUND($AH61*R61, 0.1))), "" ), "") -> 72.5 | P61: 2 | Q61: 3 | R61: 0.75 | S61: =IF(V61<>0, IFERROR(IF( $F61=2, MROUND($AH61*V61,1), IF( OR($F61="",$F61=1), MROUND($AH61*V61,2.5), MROUND($AH61*V61, 0.1))), "" ), "") | W61: =IF(Z61<>0, IFERROR(IF( $F61=2, MROUND($AH61*Z61,1), IF( OR($F61="",$F61=1), MROUND($AH61*Z61,2.5), MROUND($AH61*Z61, 0.1))), "" ), "") | AA61: =IF(AD61<>0, IFERROR(IF( $F61=2, MROUND($AH61*AD61,1), IF( OR($F61="",$F61=1), MROUND($AH61*AD61,2.5), MROUND($AH61*AD61, 0.1))), "" ), "") | AE61: =(IF(ISNUMBER(G61),G61,0)*H61*I61+IF(ISNUMBER(K61),K61,1)*L61*M61+IF(ISNUMBER(O61),O61,1)*P61*Q61+IF(ISNUMBER(S61),S61,1)*T61*U61+IF(ISNUMBER(W61),W61,1)*X61*Y61+IF(ISNUMBER(AA61),AA61,1)*AB61*AC61)*IF(ISNUMBER(F61),F61,1) -> 1207.5 | AF61: =IFERROR(AE61/AJ61,0) -> 63.552632 | AG61: =IFERROR((AF61/(AH61*IF(ISNUMBER(F61),F61,1))),0) -> 0.65585791 | AH61: =IF(ISNUMBER(AH5), AH5+(AH5*$AH$58),"") -> 96.9 | AI61: =( IF(ISNUMBER(G61), VLOOKUP(G61/$AH61,F!$A1:$B101,2,1)*G61*$H61*$I61,0)+IF(ISNUMBER(K61), VLOOKUP(K61/$AH61,F!$A1:$B101,2,1)*K61*$L61*$M61,0)+IF(ISNUMBER(O61), VLOOKUP(O61/$AH61,F!$A1:$B101,2,1)*O61*$P61*$Q61,0)+IF(ISNUMBER(S61), VLOOKUP(S61/$AH61,F!$A1:$B101,2,1)*S61*$T61*$U61,0)+IF(ISNUMBER(W61), VLOOKUP(W61/$AH61,F!$A1:$B101,2,1)*W61*$X61*$Y61,0)+IF(ISNUMBER(AA61), VLOOKUP(AA61/$AH61,F!$A1:$B101,2,1)*AA61*$AB61*$AC61,0))*IF(ISNUMBER(F61),F61,1)*IF(ISNUMBER(E61),E61,1) -> 1052.25 | AJ61: =H61*I61+L61*M61+P61*Q61+T61*U61+X61*Y61+AB61*AC61 -> 19 | AK61: {=IFERROR(I61*INDEX(F!$P$21:$AB$33, MATCH(G61/$AH61, F!$O$21:$O$33,1), MATCH(E61, F!$P$20:$AB$20,1)), 0 ) +IFERROR( M61*INDEX(F!$P$21:$AB$33, MATCH(K61/$AH61, F!$O$21:$O$33,1), MATCH(E61, F!$P$20:$AB$20,1)),0) + IFERROR( Q61*INDEX(F!$P$21:$AB$33, MATCH(O61/$AH61, F!$O$21:$O$33,1), MATCH(E61, F!$P$20:$AB$20,1)), 0) + IFERROR( U61*INDEX(F!$P$21:$AB$33, MATCH(S61/$AH61, F!$O$21:$O$33,1), MATCH(E61, F!$P$20:$AB$20,1)),0) + IFERROR(Y61*INDEX(F!$P$21:$AB$33, MATCH(W61/$AH61, F!$O$21:$O$33,1), MATCH(E61, F!$P$20:$AB$20,1)),0) + IFERROR( AC61*INDEX(F!$P$21:$AB$33, MATCH(AA61/$AH61, F!$O$21:$O$33,1), MATCH(E61, F!$P$20:$AB$20,1)),)} -> 23
B62: Средняя | C62: =IF(C6="","",C6) -> ПР | D62: =IF(D6="","",D6) -> Присед | E62: =IF(E6="","",E6) -> 1.2 | F62: =IF(F6="","",F6) | G62: =IF(J62<>0, IFERROR(IF( $F62=2, MROUND($AH62*J62,1), IF( OR($F62="",$F62=1), MROUND($AH62*J62,2.5), MROUND($AH62*J62, 0.1))), "" ), "") -> 90 | H62: 4 | I62: 4 | J62: 0.66 | K62: =IF(N62<>0, IFERROR(IF( $F62=2, MROUND($AH62*N62,1), IF( OR($F62="",$F62=1), MROUND($AH62*N62,2.5), MROUND($AH62*N62, 0.1))), "" ), "") | O62: =IF(R62<>0, IFERROR(IF( $F62=2, MROUND($AH62*R62,1), IF( OR($F62="",$F62=1), MROUND($AH62*R62,2.5), MROUND($AH62*R62, 0.1))), "" ), "") | S62: =IF(V62<>0, IFERROR(IF( $F62=2, MROUND($AH62*V62,1), IF( OR($F62="",$F62=1), MROUND($AH62*V62,2.5), MROUND($AH62*V62, 0.1))), "" ), "") | W62: =IF(Z62<>0, IFERROR(IF( $F62=2, MROUND($AH62*Z62,1), IF( OR($F62="",$F62=1), MROUND($AH62*Z62,2.5), MROUND($AH62*Z62, 0.1))), "" ), "") | AA62: =IF(AD62<>0, IFERROR(IF( $F62=2, MROUND($AH62*AD62,1), IF( OR($F62="",$F62=1), MROUND($AH62*AD62,2.5), MROUND($AH62*AD62, 0.1))), "" ), "") | AE62: =(IF(ISNUMBER(G62),G62,0)*H62*I62+IF(ISNUMBER(K62),K62,1)*L62*M62+IF(ISNUMBER(O62),O62,1)*P62*Q62+IF(ISNUMBER(S62),S62,1)*T62*U62+IF(ISNUMBER(W62),W62,1)*X62*Y62+IF(ISNUMBER(AA62),AA62,1)*AB62*AC62)*IF(ISNUMBER(F62),F62,1) -> 1440 | AF62: =IFERROR(AE62/AJ62,0) -> 90 | AG62: =IFERROR((AF62/(AH62*IF(ISNUMBER(F62),F62,1))),0) -> 0.65359477 | AH62: =IF(ISNUMBER(AH6), AH6+(AH6*$AH$58),"") -> 137.7 | AI62: =( IF(ISNUMBER(G62), VLOOKUP(G62/$AH62,F!$A1:$B101,2,1)*G62*$H62*$I62,0)+IF(ISNUMBER(K62), VLOOKUP(K62/$AH62,F!$A1:$B101,2,1)*K62*$L62*$M62,0)+IF(ISNUMBER(O62), VLOOKUP(O62/$AH62,F!$A1:$B101,2,1)*O62*$P62*$Q62,0)+IF(ISNUMBER(S62), VLOOKUP(S62/$AH62,F!$A1:$B101,2,1)*S62*$T62*$U62,0)+IF(ISNUMBER(W62), VLOOKUP(W62/$AH62,F!$A1:$B101,2,1)*W62*$X62*$Y62,0)+IF(ISNUMBER(AA62), VLOOKUP(AA62/$AH62,F!$A1:$B101,2,1)*AA62*$AB62*$AC62,0))*IF(ISNUMBER(F62),F62,1)*IF(ISNUMBER(E62),E62,1) -> 1382.4 | AJ62: =H62*I62+L62*M62+P62*Q62+T62*U62+X62*Y62+AB62*AC62 -> 16 | AK62: {=IFERROR(I62*INDEX(F!$P$21:$AB$33, MATCH(G62/$AH62, F!$O$21:$O$33,1), MATCH(E62, F!$P$20:$AB$20,1)), 0 ) +IFERROR( M62*INDEX(F!$P$21:$AB$33, MATCH(K62/$AH62, F!$O$21:$O$33,1), MATCH(E62, F!$P$20:$AB$20,1)),0) + IFERROR( Q62*INDEX(F!$P$21:$AB$33, MATCH(O62/$AH62, F!$O$21:$O$33,1), MATCH(E62, F!$P$20:$AB$20,1)), 0) + IFERROR( U62*INDEX(F!$P$21:$AB$33, MATCH(S62/$AH62, F!$O$21:$O$33,1), MATCH(E62, F!$P$20:$AB$20,1)),0) + IFERROR(Y62*INDEX(F!$P$21:$AB$33, MATCH(W62/$AH62, F!$O$21:$O$33,1), MATCH(E62, F!$P$20:$AB$20,1)),0) + IFERROR( AC62*INDEX(F!$P$21:$AB$33, MATCH(AA62/$AH62, F!$O$21:$O$33,1), MATCH(E62, F!$P$20:$AB$20,1)),)} -> 16
B63: Тяжелая | C63: =IF(C7="","",C7) -> ЖМ | D63: =IF(D7="","",D7) -> Жим гантелей | E63: =IF(E7="","",E7) -> 1 | F63: =IF(F7="","",F7) -> 2 | G63: =IF(J63<>0, IFERROR(IF( $F63=2, MROUND($AH63*J63,1), IF( OR($F63="",$F63=1), MROUND($AH63*J63,2.5), MROUND($AH63*J63, 0.1))), "" ), "") -> 17 | H63: 5 | I63: 1 | J63: 0.55 | K63: =IF(N63<>0, IFERROR(IF( $F63=2, MROUND($AH63*N63,1), IF( OR($F63="",$F63=1), MROUND($AH63*N63,2.5), MROUND($AH63*N63, 0.1))), "" ), "") -> 22 | L63: 5 | M63: 5 | N63: 0.7 | O63: =IF(R63<>0, IFERROR(IF( $F63=2, MROUND($AH63*R63,1), IF( OR($F63="",$F63=1), MROUND($AH63*R63,2.5), MROUND($AH63*R63, 0.1))), "" ), "") | S63: =IF(V63<>0, IFERROR(IF( $F63=2, MROUND($AH63*V63,1), IF( OR($F63="",$F63=1), MROUND($AH63*V63,2.5), MROUND($AH63*V63, 0.1))), "" ), "") | W63: =IF(Z63<>0, IFERROR(IF( $F63=2, MROUND($AH63*Z63,1), IF( OR($F63="",$F63=1), MROUND($AH63*Z63,2.5), MROUND($AH63*Z63, 0.1))), "" ), "") | AA63: =IF(AD63<>0, IFERROR(IF( $F63=2, MROUND($AH63*AD63,1), IF( OR($F63="",$F63=1), MROUND($AH63*AD63,2.5), MROUND($AH63*AD63, 0.1))), "" ), "") | AE63: =(IF(ISNUMBER(G63),G63,0)*H63*I63+IF(ISNUMBER(K63),K63,1)*L63*M63+IF(ISNUMBER(O63),O63,1)*P63*Q63+IF(ISNUMBER(S63),S63,1)*T63*U63+IF(ISNUMBER(W63),W63,1)*X63*Y63+IF(ISNUMBER(AA63),AA63,1)*AB63*AC63)*IF(ISNUMBER(F63),F63,1) -> 1270 | AF63: =IFERROR(AE63/AJ63,0) -> 42.333333 | AG63: =IFERROR((AF63/(AH63*IF(ISNUMBER(F63),F63,1))),0) -> 0.68261954 | AH63: =IF(ISNUMBER(AH7), AH7+(AH7*$AH$58),"") -> 31.008 | AI63: =( IF(ISNUMBER(G63), VLOOKUP(G63/$AH63,F!$A1:$B101,2,1)*G63*$H63*$I63,0)+IF(ISNUMBER(K63), VLOOKUP(K63/$AH63,F!$A1:$B101,2,1)*K63*$L63*$M63,0)+IF(ISNUMBER(O63), VLOOKUP(O63/$AH63,F!$A1:$B101,2,1)*O63*$P63*$Q63,0)+IF(ISNUMBER(S63), VLOOKUP(S63/$AH63,F!$A1:$B101,2,1)*S63*$T63*$U63,0)+IF(ISNUMBER(W63), VLOOKUP(W63/$AH63,F!$A1:$B101,2,1)*W63*$X63*$Y63,0)+IF(ISNUMBER(AA63), VLOOKUP(AA63/$AH63,F!$A1:$B101,2,1)*AA63*$AB63*$AC63,0))*IF(ISNUMBER(F63),F63,1)*IF(ISNUMBER(E63),E63,1) -> 1085.2 | AJ63: =H63*I63+L63*M63+P63*Q63+T63*U63+X63*Y63+AB63*AC63 -> 30 | AK63: {=IFERROR(I63*INDEX(F!$P$21:$AB$33, MATCH(G63/$AH63, F!$O$21:$O$33,1), MATCH(E63, F!$P$20:$AB$20,1)), 0 ) +IFERROR( M63*INDEX(F!$P$21:$AB$33, MATCH(K63/$AH63, F!$O$21:$O$33,1), MATCH(E63, F!$P$20:$AB$20,1)),0) + IFERROR( Q63*INDEX(F!$P$21:$AB$33, MATCH(O63/$AH63, F!$O$21:$O$33,1), MATCH(E63, F!$P$20:$AB$20,1)), 0) + IFERROR( U63*INDEX(F!$P$21:$AB$33, MATCH(S63/$AH63, F!$O$21:$O$33,1), MATCH(E63, F!$P$20:$AB$20,1)),0) + IFERROR(Y63*INDEX(F!$P$21:$AB$33, MATCH(W63/$AH63, F!$O$21:$O$33,1), MATCH(E63, F!$P$20:$AB$20,1)),0) + IFERROR( AC63*INDEX(F!$P$21:$AB$33, MATCH(AA63/$AH63, F!$O$21:$O$33,1), MATCH(E63, F!$P$20:$AB$20,1)),)} -> 22
B64: Средняя | C64: =IF(C8="","",C8) -> ОФП | D64: =IF(D8="","",D8) -> Французский жим | E64: =IF(E8="","",E8) -> 0.4 | F64: =IF(F8="","",F8) | G64: =IF(J64<>0, IFERROR(IF( $F64=2, MROUND($AH64*J64,1), IF( OR($F64="",$F64=1), MROUND($AH64*J64,2.5), MROUND($AH64*J64, 0.1))), "" ), "") -> 22.5 | H64: 5 | I64: 5 | J64: 0.5 | K64: =IF(N64<>0, IFERROR(IF( $F64=2, MROUND($AH64*N64,1), IF( OR($F64="",$F64=1), MROUND($AH64*N64,2.5), MROUND($AH64*N64, 0.1))), "" ), "") | O64: =IF(R64<>0, IFERROR(IF( $F64=2, MROUND($AH64*R64,1), IF( OR($F64="",$F64=1), MROUND($AH64*R64,2.5), MROUND($AH64*R64, 0.1))), "" ), "") | S64: =IF(V64<>0, IFERROR(IF( $F64=2, MROUND($AH64*V64,1), IF( OR($F64="",$F64=1), MROUND($AH64*V64,2.5), MROUND($AH64*V64, 0.1))), "" ), "") | W64: =IF(Z64<>0, IFERROR(IF( $F64=2, MROUND($AH64*Z64,1), IF( OR($F64="",$F64=1), MROUND($AH64*Z64,2.5), MROUND($AH64*Z64, 0.1))), "" ), "") | AA64: =IF(AD64<>0, IFERROR(IF( $F64=2, MROUND($AH64*AD64,1), IF( OR($F64="",$F64=1), MROUND($AH64*AD64,2.5), MROUND($AH64*AD64, 0.1))), "" ), "") | AE64: =(IF(ISNUMBER(G64),G64,0)*H64*I64+IF(ISNUMBER(K64),K64,1)*L64*M64+IF(ISNUMBER(O64),O64,1)*P64*Q64+IF(ISNUMBER(S64),S64,1)*T64*U64+IF(ISNUMBER(W64),W64,1)*X64*Y64+IF(ISNUMBER(AA64),AA64,1)*AB64*AC64)*IF(ISNUMBER(F64),F64,1) -> 562.5 | AF64: =IFERROR(AE64/AJ64,0) -> 22.5 | AG64: =IFERROR((AF64/(AH64*IF(ISNUMBER(F64),F64,1))),0) -> 0.50477857 | AH64: =IF(ISNUMBER(AH8), AH8+(AH8*$AH$58),"") -> 44.574 | AI64: =( IF(ISNUMBER(G64), VLOOKUP(G64/$AH64,F!$A1:$B101,2,1)*G64*$H64*$I64,0)+IF(ISNUMBER(K64), VLOOKUP(K64/$AH64,F!$A1:$B101,2,1)*K64*$L64*$M64,0)+IF(ISNUMBER(O64), VLOOKUP(O64/$AH64,F!$A1:$B101,2,1)*O64*$P64*$Q64,0)+IF(ISNUMBER(S64), VLOOKUP(S64/$AH64,F!$A1:$B101,2,1)*S64*$T64*$U64,0)+IF(ISNUMBER(W64), VLOOKUP(W64/$AH64,F!$A1:$B101,2,1)*W64*$X64*$Y64,0)+IF(ISNUMBER(AA64), VLOOKUP(AA64/$AH64,F!$A1:$B101,2,1)*AA64*$AB64*$AC64,0))*IF(ISNUMBER(F64),F64,1)*IF(ISNUMBER(E64),E64,1) -> 112.5 | AJ64: =H64*I64+L64*M64+P64*Q64+T64*U64+X64*Y64+AB64*AC64 -> 25 | AK64: {=IFERROR(I64*INDEX(F!$P$21:$AB$33, MATCH(G64/$AH64, F!$O$21:$O$33,1), MATCH(E64, F!$P$20:$AB$20,1)), 0 ) +IFERROR( M64*INDEX(F!$P$21:$AB$33, MATCH(K64/$AH64, F!$O$21:$O$33,1), MATCH(E64, F!$P$20:$AB$20,1)),0) + IFERROR( Q64*INDEX(F!$P$21:$AB$33, MATCH(O64/$AH64, F!$O$21:$O$33,1), MATCH(E64, F!$P$20:$AB$20,1)), 0) + IFERROR( U64*INDEX(F!$P$21:$AB$33, MATCH(S64/$AH64, F!$O$21:$O$33,1), MATCH(E64, F!$P$20:$AB$20,1)),0) + IFERROR(Y64*INDEX(F!$P$21:$AB$33, MATCH(W64/$AH64, F!$O$21:$O$33,1), MATCH(E64, F!$P$20:$AB$20,1)),0) + IFERROR( AC64*INDEX(F!$P$21:$AB$33, MATCH(AA64/$AH64, F!$O$21:$O$33,1), MATCH(E64, F!$P$20:$AB$20,1)),)} -> 7.5
B65: =IF(B9="","",B9) | C65: =IF(C9="","",C9) | D65: =IF(D9="","",D9) | E65: =IF(E9="","",E9) | F65: =IF(F9="","",F9) | K65: =IF(N65<>0, IFERROR(IF( $F65=2, MROUND($AH65*N65,1), IF( OR($F65="",$F65=1), MROUND($AH65*N65,2.5), MROUND($AH65*N65, 0.1))), "" ), "") | O65: =IF(R65<>0, IFERROR(IF( $F65=2, MROUND($AH65*R65,1), IF( OR($F65="",$F65=1), MROUND($AH65*R65,2.5), MROUND($AH65*R65, 0.1))), "" ), "") | S65: =IF(V65<>0, IFERROR(IF( $F65=2, MROUND($AH65*V65,1), IF( OR($F65="",$F65=1), MROUND($AH65*V65,2.5), MROUND($AH65*V65, 0.1))), "" ), "") | W65: =IF(Z65<>0, IFERROR(IF( $F65=2, MROUND($AH65*Z65,1), IF( OR($F65="",$F65=1), MROUND($AH65*Z65,2.5), MROUND($AH65*Z65, 0.1))), "" ), "") | AA65: =IF(AD65<>0, IFERROR(IF( $F65=2, MROUND($AH65*AD65,1), IF( OR($F65="",$F65=1), MROUND($AH65*AD65,2.5), MROUND($AH65*AD65, 0.1))), "" ), "") | AE65: =(IF(ISNUMBER(G65),G65,0)*H65*I65+IF(ISNUMBER(K65),K65,1)*L65*M65+IF(ISNUMBER(O65),O65,1)*P65*Q65+IF(ISNUMBER(S65),S65,1)*T65*U65+IF(ISNUMBER(W65),W65,1)*X65*Y65+IF(ISNUMBER(AA65),AA65,1)*AB65*AC65)*IF(ISNUMBER(F65),F65,1) -> 0 | AF65: =IFERROR(AE65/AJ65,0) -> 0 | AG65: =IFERROR((AF65/(AH65*IF(ISNUMBER(F65),F65,1))),0) -> 0 | AH65: =IF(ISNUMBER(AH9), AH9+(AH9*$AH$58),"") | AI65: =( IF(ISNUMBER(G65), VLOOKUP(G65/$AH65,F!$A1:$B101,2,1)*G65*$H65*$I65,0)+IF(ISNUMBER(K65), VLOOKUP(K65/$AH65,F!$A1:$B101,2,1)*K65*$L65*$M65,0)+IF(ISNUMBER(O65), VLOOKUP(O65/$AH65,F!$A1:$B101,2,1)*O65*$P65*$Q65,0)+IF(ISNUMBER(S65), VLOOKUP(S65/$AH65,F!$A1:$B101,2,1)*S65*$T65*$U65,0)+IF(ISNUMBER(W65), VLOOKUP(W65/$AH65,F!$A1:$B101,2,1)*W65*$X65*$Y65,0)+IF(ISNUMBER(AA65), VLOOKUP(AA65/$AH65,F!$A1:$B101,2,1)*AA65*$AB65*$AC65,0))*IF(ISNUMBER(F65),F65,1)*IF(ISNUMBER(E65),E65,1) -> 0 | AJ65: =H65*I65+L65*M65+P65*Q65+T65*U65+X65*Y65+AB65*AC65 -> 0 | AK65: {=IFERROR(I65*INDEX(F!$P$21:$AB$33, MATCH(G65/$AH65, F!$O$21:$O$33,1), MATCH(E65, F!$P$20:$AB$20,1)), 0 ) +IFERROR( M65*INDEX(F!$P$21:$AB$33, MATCH(K65/$AH65, F!$O$21:$O$33,1), MATCH(E65, F!$P$20:$AB$20,1)),0) + IFERROR( Q65*INDEX(F!$P$21:$AB$33, MATCH(O65/$AH65, F!$O$21:$O$33,1), MATCH(E65, F!$P$20:$AB$20,1)), 0) + IFERROR( U65*INDEX(F!$P$21:$AB$33, MATCH(S65/$AH65, F!$O$21:$O$33,1), MATCH(E65, F!$P$20:$AB$20,1)),0) + IFERROR(Y65*INDEX(F!$P$21:$AB$33, MATCH(W65/$AH65, F!$O$21:$O$33,1), MATCH(E65, F!$P$20:$AB$20,1)),0) + IFERROR( AC65*INDEX(F!$P$21:$AB$33, MATCH(AA65/$AH65, F!$O$21:$O$33,1), MATCH(E65, F!$P$20:$AB$20,1)),)} -> 0
B66: =IF(B10="","",B10) | C66: =IF(C10="","",C10) | D66: =IF(D10="","",D10) | E66: =IF(E10="","",E10) | F66: =IF(F10="","",F10) | K66: =IF(N66<>0, IFERROR(IF( $F66=2, MROUND($AH66*N66,1), IF( OR($F66="",$F66=1), MROUND($AH66*N66,2.5), MROUND($AH66*N66, 0.1))), "" ), "") | O66: =IF(R66<>0, IFERROR(IF( $F66=2, MROUND($AH66*R66,1), IF( OR($F66="",$F66=1), MROUND($AH66*R66,2.5), MROUND($AH66*R66, 0.1))), "" ), "") | S66: =IF(V66<>0, IFERROR(IF( $F66=2, MROUND($AH66*V66,1), IF( OR($F66="",$F66=1), MROUND($AH66*V66,2.5), MROUND($AH66*V66, 0.1))), "" ), "") | W66: =IF(Z66<>0, IFERROR(IF( $F66=2, MROUND($AH66*Z66,1), IF( OR($F66="",$F66=1), MROUND($AH66*Z66,2.5), MROUND($AH66*Z66, 0.1))), "" ), "") | AA66: =IF(AD66<>0, IFERROR(IF( $F66=2, MROUND($AH66*AD66,1), IF( OR($F66="",$F66=1), MROUND($AH66*AD66,2.5), MROUND($AH66*AD66, 0.1))), "" ), "") | AE66: =(IF(ISNUMBER(G66),G66,0)*H66*I66+IF(ISNUMBER(K66),K66,1)*L66*M66+IF(ISNUMBER(O66),O66,1)*P66*Q66+IF(ISNUMBER(S66),S66,1)*T66*U66+IF(ISNUMBER(W66),W66,1)*X66*Y66+IF(ISNUMBER(AA66),AA66,1)*AB66*AC66)*IF(ISNUMBER(F66),F66,1) -> 0 | AF66: =IFERROR(AE66/AJ66,0) -> 0 | AG66: =IFERROR((AF66/(AH66*IF(ISNUMBER(F66),F66,1))),0) -> 0 | AH66: =IF(ISNUMBER(AH10), AH10+(AH10*$AH$58),"") | AI66: =( IF(ISNUMBER(G66), VLOOKUP(G66/$AH66,F!$A1:$B101,2,1)*G66*$H66*$I66,0)+IF(ISNUMBER(K66), VLOOKUP(K66/$AH66,F!$A1:$B101,2,1)*K66*$L66*$M66,0)+IF(ISNUMBER(O66), VLOOKUP(O66/$AH66,F!$A1:$B101,2,1)*O66*$P66*$Q66,0)+IF(ISNUMBER(S66), VLOOKUP(S66/$AH66,F!$A1:$B101,2,1)*S66*$T66*$U66,0)+IF(ISNUMBER(W66), VLOOKUP(W66/$AH66,F!$A1:$B101,2,1)*W66*$X66*$Y66,0)+IF(ISNUMBER(AA66), VLOOKUP(AA66/$AH66,F!$A1:$B101,2,1)*AA66*$AB66*$AC66,0))*IF(ISNUMBER(F66),F66,1)*IF(ISNUMBER(E66),E66,1) -> 0 | AJ66: =H66*I66+L66*M66+P66*Q66+T66*U66+X66*Y66+AB66*AC66 -> 0 | AK66: {=IFERROR(I66*INDEX(F!$P$21:$AB$33, MATCH(G66/$AH66, F!$O$21:$O$33,1), MATCH(E66, F!$P$20:$AB$20,1)), 0 ) +IFERROR( M66*INDEX(F!$P$21:$AB$33, MATCH(K66/$AH66, F!$O$21:$O$33,1), MATCH(E66, F!$P$20:$AB$20,1)),0) + IFERROR( Q66*INDEX(F!$P$21:$AB$33, MATCH(O66/$AH66, F!$O$21:$O$33,1), MATCH(E66, F!$P$20:$AB$20,1)), 0) + IFERROR( U66*INDEX(F!$P$21:$AB$33, MATCH(S66/$AH66, F!$O$21:$O$33,1), MATCH(E66, F!$P$20:$AB$20,1)),0) + IFERROR(Y66*INDEX(F!$P$21:$AB$33, MATCH(W66/$AH66, F!$O$21:$O$33,1), MATCH(E66, F!$P$20:$AB$20,1)),0) + IFERROR( AC66*INDEX(F!$P$21:$AB$33, MATCH(AA66/$AH66, F!$O$21:$O$33,1), MATCH(E66, F!$P$20:$AB$20,1)),)} -> 0
B67: =IF(B11="","",B11) | C67: =IF(C11="","",C11) | D67: =IF(D11="","",D11) | E67: =IF(E11="","",E11) | F67: =IF(F11="","",F11) | G67: =IF(J67<>0, IFERROR(IF( $F67=2, MROUND($AH67*J67,1), IF( OR($F67="",$F67=1), MROUND($AH67*J67,2.5), MROUND($AH67*J67, 0.1))), "" ), "") | K67: =IF(N67<>0, IFERROR(IF( $F67=2, MROUND($AH67*N67,1), IF( OR($F67="",$F67=1), MROUND($AH67*N67,2.5), MROUND($AH67*N67, 0.1))), "" ), "") | O67: =IF(R67<>0, IFERROR(IF( $F67=2, MROUND($AH67*R67,1), IF( OR($F67="",$F67=1), MROUND($AH67*R67,2.5), MROUND($AH67*R67, 0.1))), "" ), "") | S67: =IF(V67<>0, IFERROR(IF( $F67=2, MROUND($AH67*V67,1), IF( OR($F67="",$F67=1), MROUND($AH67*V67,2.5), MROUND($AH67*V67, 0.1))), "" ), "") | W67: =IF(Z67<>0, IFERROR(IF( $F67=2, MROUND($AH67*Z67,1), IF( OR($F67="",$F67=1), MROUND($AH67*Z67,2.5), MROUND($AH67*Z67, 0.1))), "" ), "") | AA67: =IF(AD67<>0, IFERROR(IF( $F67=2, MROUND($AH67*AD67,1), IF( OR($F67="",$F67=1), MROUND($AH67*AD67,2.5), MROUND($AH67*AD67, 0.1))), "" ), "") | AE67: =(IF(ISNUMBER(G67),G67,0)*H67*I67+IF(ISNUMBER(K67),K67,1)*L67*M67+IF(ISNUMBER(O67),O67,1)*P67*Q67+IF(ISNUMBER(S67),S67,1)*T67*U67+IF(ISNUMBER(W67),W67,1)*X67*Y67+IF(ISNUMBER(AA67),AA67,1)*AB67*AC67)*IF(ISNUMBER(F67),F67,1) -> 0 | AF67: =IFERROR(AE67/AJ67,0) -> 0 | AG67: =IFERROR((AF67/(AH67*IF(ISNUMBER(F67),F67,1))),0) -> 0 | AH67: =IF(ISNUMBER(AH11), AH11+(AH11*$AH$58),"") | AI67: =( IF(ISNUMBER(G67), VLOOKUP(G67/$AH67,F!$A1:$B101,2,1)*G67*$H67*$I67,0)+IF(ISNUMBER(K67), VLOOKUP(K67/$AH67,F!$A1:$B101,2,1)*K67*$L67*$M67,0)+IF(ISNUMBER(O67), VLOOKUP(O67/$AH67,F!$A1:$B101,2,1)*O67*$P67*$Q67,0)+IF(ISNUMBER(S67), VLOOKUP(S67/$AH67,F!$A1:$B101,2,1)*S67*$T67*$U67,0)+IF(ISNUMBER(W67), VLOOKUP(W67/$AH67,F!$A1:$B101,2,1)*W67*$X67*$Y67,0)+IF(ISNUMBER(AA67), VLOOKUP(AA67/$AH67,F!$A1:$B101,2,1)*AA67*$AB67*$AC67,0))*IF(ISNUMBER(F67),F67,1)*IF(ISNUMBER(E67),E67,1) -> 0 | AJ67: =H67*I67+L67*M67+P67*Q67+T67*U67+X67*Y67+AB67*AC67 -> 0 | AK67: {=IFERROR(I67*INDEX(F!$P$21:$AB$33, MATCH(G67/$AH67, F!$O$21:$O$33,1), MATCH(E67, F!$P$20:$AB$20,1)), 0 ) +IFERROR( M67*INDEX(F!$P$21:$AB$33, MATCH(K67/$AH67, F!$O$21:$O$33,1), MATCH(E67, F!$P$20:$AB$20,1)),0) + IFERROR( Q67*INDEX(F!$P$21:$AB$33, MATCH(O67/$AH67, F!$O$21:$O$33,1), MATCH(E67, F!$P$20:$AB$20,1)), 0) + IFERROR( U67*INDEX(F!$P$21:$AB$33, MATCH(S67/$AH67, F!$O$21:$O$33,1), MATCH(E67, F!$P$20:$AB$20,1)),0) + IFERROR(Y67*INDEX(F!$P$21:$AB$33, MATCH(W67/$AH67, F!$O$21:$O$33,1), MATCH(E67, F!$P$20:$AB$20,1)),0) + IFERROR( AC67*INDEX(F!$P$21:$AB$33, MATCH(AA67/$AH67, F!$O$21:$O$33,1), MATCH(E67, F!$P$20:$AB$20,1)),)} -> 0
E68: =ROUND(IFERROR(SUMPRODUCT(AJ60:AJ67,E60:E67)/AJ68,0),3) -> 0.921 | AE68: =SUM(AE60:AE67) -> 6202.5 | AF68: =IFERROR(AE68/AJ68,0) -> 57.96729 | AG68: =IFERROR( SUMPRODUCT(AG60:AG67,AJ60:AJ67)/AJ68,0) -> 0.64042939 | AI68: =SUM(AI60:AI67) -> 6157.93 | AJ68: =SUM(AJ60:AJ67) -> 107 | AK68: =IF(SUM(AK60:AK67)=0,TIME(,0,),TIME(,SUM(AK60:AK67)+F!$V$37,)) -> 0.091666667
A69: =A70 -> 43789 | B69: =IF(B13="","",B13) -> Тяжелая | C69: =IF(C13="","",C13) -> ТГ | D69: =IF(D13="","",D13) -> Становая тяга | E69: =IF(E13="","",E13) -> 1.4 | F69: =IF(F13="","",F13) | G69: =IF(J69<>0, IFERROR(IF( $F69=2, MROUND($AH69*J69,1), IF( OR($F69="",$F69=1), MROUND($AH69*J69,2.5), MROUND($AH69*J69, 0.1))), "" ), "") -> 122.5 | H69: 3 | I69: 1 | J69: 0.65 | K69: =IF(N69<>0, IFERROR(IF( $F69=2, MROUND($AH69*N69,1), IF( OR($F69="",$F69=1), MROUND($AH69*N69,2.5), MROUND($AH69*N69, 0.1))), "" ), "") -> 142.5 | L69: 2 | M69: 2 | N69: 0.75 | O69: =IF(R69<>0, IFERROR(IF( $F69=2, MROUND($AH69*R69,1), IF( OR($F69="",$F69=1), MROUND($AH69*R69,2.5), MROUND($AH69*R69, 0.1))), "" ), "") -> 160 | P69: 1 | Q69: 2 | R69: 0.85 | S69: =IF(V69<>0, IFERROR(IF( $F69=2, MROUND($AH69*V69,1), IF( OR($F69="",$F69=1), MROUND($AH69*V69,2.5), MROUND($AH69*V69, 0.1))), "" ), "") -> 170 | T69: 1 | U69: 2 | V69: 0.9 | W69: =IF(Z69<>0, IFERROR(IF( $F69=2, MROUND($AH69*Z69,1), IF( OR($F69="",$F69=1), MROUND($AH69*Z69,2.5), MROUND($AH69*Z69, 0.1))), "" ), "") | AA69: =IF(AD69<>0, IFERROR(IF( $F69=2, MROUND($AH69*AD69,1), IF( OR($F69="",$F69=1), MROUND($AH69*AD69,2.5), MROUND($AH69*AD69, 0.1))), "" ), "") | AE69: =(IF(ISNUMBER(G69),G69,0)*H69*I69+IF(ISNUMBER(K69),K69,1)*L69*M69+IF(ISNUMBER(O69),O69,1)*P69*Q69+IF(ISNUMBER(S69),S69,1)*T69*U69+IF(ISNUMBER(W69),W69,1)*X69*Y69+IF(ISNUMBER(AA69),AA69,1)*AB69*AC69)*IF(ISNUMBER(F69),F69,1) -> 1597.5 | AF69: =IFERROR(AE69/AJ69,0) -> 145.22727 | AG69: =IFERROR((AF69/(AH69*IF(ISNUMBER(F69),F69,1))),0) -> 0.76961989 | AH69: =IF(ISNUMBER(AH13), AH13+(AH13*$AH$58),"") -> 188.7 | AI69: =( IF(ISNUMBER(G69), VLOOKUP(G69/$AH69,F!$A1:$B101,2,1)*G69*$H69*$I69,0)+IF(ISNUMBER(K69), VLOOKUP(K69/$AH69,F!$A1:$B101,2,1)*K69*$L69*$M69,0)+IF(ISNUMBER(O69), VLOOKUP(O69/$AH69,F!$A1:$B101,2,1)*O69*$P69*$Q69,0)+IF(ISNUMBER(S69), VLOOKUP(S69/$AH69,F!$A1:$B101,2,1)*S69*$T69*$U69,0)+IF(ISNUMBER(W69), VLOOKUP(W69/$AH69,F!$A1:$B101,2,1)*W69*$X69*$Y69,0)+IF(ISNUMBER(AA69), VLOOKUP(AA69/$AH69,F!$A1:$B101,2,1)*AA69*$AB69*$AC69,0))*IF(ISNUMBER(F69),F69,1)*IF(ISNUMBER(E69),E69,1) -> 3507.07 | AJ69: =H69*I69+L69*M69+P69*Q69+T69*U69+X69*Y69+AB69*AC69 -> 11 | AK69: {=IFERROR(I69*INDEX(F!$P$21:$AB$33, MATCH(G69/$AH69, F!$O$21:$O$33,1), MATCH(E69, F!$P$20:$AB$20,1)), 0 ) +IFERROR( M69*INDEX(F!$P$21:$AB$33, MATCH(K69/$AH69, F!$O$21:$O$33,1), MATCH(E69, F!$P$20:$AB$20,1)),0) + IFERROR( Q69*INDEX(F!$P$21:$AB$33, MATCH(O69/$AH69, F!$O$21:$O$33,1), MATCH(E69, F!$P$20:$AB$20,1)), 0) + IFERROR( U69*INDEX(F!$P$21:$AB$33, MATCH(S69/$AH69, F!$O$21:$O$33,1), MATCH(E69, F!$P$20:$AB$20,1)),0) + IFERROR(Y69*INDEX(F!$P$21:$AB$33, MATCH(W69/$AH69, F!$O$21:$O$33,1), MATCH(E69, F!$P$20:$AB$20,1)),0) + IFERROR( AC69*INDEX(F!$P$21:$AB$33, MATCH(AA69/$AH69, F!$O$21:$O$33,1), MATCH(E69, F!$P$20:$AB$20,1)),)} -> 40.5
A70: =A14+A2 -> 43789 | B70: =IF(B14="","",B14) -> Тяжелая | C70: =IF(C14="","",C14) -> ЖМ | D70: =IF(D14="","",D14) -> Жим лежа | E70: =IF(E14="","",E14) -> 1 | F70: =IF(F14="","",F14) | G70: =IF(J70<>0, IFERROR(IF( $F70=2, MROUND($AH70*J70,1), IF( OR($F70="",$F70=1), MROUND($AH70*J70,2.5), MROUND($AH70*J70, 0.1))), "" ), "") -> 62.5 | H70: 3 | I70: 3 | J70: 0.65 | K70: =IF(N70<>0, IFERROR(IF( $F70=2, MROUND($AH70*N70,1), IF( OR($F70="",$F70=1), MROUND($AH70*N70,2.5), MROUND($AH70*N70, 0.1))), "" ), "") -> 72.5 | L70: 2 | M70: 3 | N70: 0.75 | O70: =IF(R70<>0, IFERROR(IF( $F70=2, MROUND($AH70*R70,1), IF( OR($F70="",$F70=1), MROUND($AH70*R70,2.5), MROUND($AH70*R70, 0.1))), "" ), "") | S70: =IF(V70<>0, IFERROR(IF( $F70=2, MROUND($AH70*V70,1), IF( OR($F70="",$F70=1), MROUND($AH70*V70,2.5), MROUND($AH70*V70, 0.1))), "" ), "") | W70: =IF(Z70<>0, IFERROR(IF( $F70=2, MROUND($AH70*Z70,1), IF( OR($F70="",$F70=1), MROUND($AH70*Z70,2.5), MROUND($AH70*Z70, 0.1))), "" ), "") | AA70: =IF(AD70<>0, IFERROR(IF( $F70=2, MROUND($AH70*AD70,1), IF( OR($F70="",$F70=1), MROUND($AH70*AD70,2.5), MROUND($AH70*AD70, 0.1))), "" ), "") | AE70: =(IF(ISNUMBER(G70),G70,0)*H70*I70+IF(ISNUMBER(K70),K70,1)*L70*M70+IF(ISNUMBER(O70),O70,1)*P70*Q70+IF(ISNUMBER(S70),S70,1)*T70*U70+IF(ISNUMBER(W70),W70,1)*X70*Y70+IF(ISNUMBER(AA70),AA70,1)*AB70*AC70)*IF(ISNUMBER(F70),F70,1) -> 997.5 | AF70: =IFERROR(AE70/AJ70,0) -> 66.5 | AG70: =IFERROR((AF70/(AH70*IF(ISNUMBER(F70),F70,1))),0) -> 0.68627451 | AH70: =IF(ISNUMBER(AH14), AH14+(AH14*$AH$58),"") -> 96.9 | AI70: =( IF(ISNUMBER(G70), VLOOKUP(G70/$AH70,F!$A1:$B101,2,1)*G70*$H70*$I70,0)+IF(ISNUMBER(K70), VLOOKUP(K70/$AH70,F!$A1:$B101,2,1)*K70*$L70*$M70,0)+IF(ISNUMBER(O70), VLOOKUP(O70/$AH70,F!$A1:$B101,2,1)*O70*$P70*$Q70,0)+IF(ISNUMBER(S70), VLOOKUP(S70/$AH70,F!$A1:$B101,2,1)*S70*$T70*$U70,0)+IF(ISNUMBER(W70), VLOOKUP(W70/$AH70,F!$A1:$B101,2,1)*W70*$X70*$Y70,0)+IF(ISNUMBER(AA70), VLOOKUP(AA70/$AH70,F!$A1:$B101,2,1)*AA70*$AB70*$AC70,0))*IF(ISNUMBER(F70),F70,1)*IF(ISNUMBER(E70),E70,1) -> 934.65 | AJ70: =H70*I70+L70*M70+P70*Q70+T70*U70+X70*Y70+AB70*AC70 -> 15 | AK70: {=IFERROR(I70*INDEX(F!$P$21:$AB$33, MATCH(G70/$AH70, F!$O$21:$O$33,1), MATCH(E70, F!$P$20:$AB$20,1)), 0 ) +IFERROR( M70*INDEX(F!$P$21:$AB$33, MATCH(K70/$AH70, F!$O$21:$O$33,1), MATCH(E70, F!$P$20:$AB$20,1)),0) + IFERROR( Q70*INDEX(F!$P$21:$AB$33, MATCH(O70/$AH70, F!$O$21:$O$33,1), MATCH(E70, F!$P$20:$AB$20,1)), 0) + IFERROR( U70*INDEX(F!$P$21:$AB$33, MATCH(S70/$AH70, F!$O$21:$O$33,1), MATCH(E70, F!$P$20:$AB$20,1)),0) + IFERROR(Y70*INDEX(F!$P$21:$AB$33, MATCH(W70/$AH70, F!$O$21:$O$33,1), MATCH(E70, F!$P$20:$AB$20,1)),0) + IFERROR( AC70*INDEX(F!$P$21:$AB$33, MATCH(AA70/$AH70, F!$O$21:$O$33,1), MATCH(E70, F!$P$20:$AB$20,1)),)} -> 21
B71: Средняя | C71: =IF(C15="","",C15) -> ОФП | D71: =IF(D15="","",D15) -> Наклоны со штангой | E71: =IF(E15="","",E15) -> 0.8 | F71: =IF(F15="","",F15) | G71: =IF(J71<>0, IFERROR(IF( $F71=2, MROUND($AH71*J71,1), IF( OR($F71="",$F71=1), MROUND($AH71*J71,2.5), MROUND($AH71*J71, 0.1))), "" ), "") -> 52.5 | H71: 5 | I71: 1 | J71: 0.5 | K71: =IF(N71<>0, IFERROR(IF( $F71=2, MROUND($AH71*N71,1), IF( OR($F71="",$F71=1), MROUND($AH71*N71,2.5), MROUND($AH71*N71, 0.1))), "" ), "") -> 62.5 | L71: 4 | M71: 4 | N71: 0.6 | O71: =IF(R71<>0, IFERROR(IF( $F71=2, MROUND($AH71*R71,1), IF( OR($F71="",$F71=1), MROUND($AH71*R71,2.5), MROUND($AH71*R71, 0.1))), "" ), "") | S71: =IF(V71<>0, IFERROR(IF( $F71=2, MROUND($AH71*V71,1), IF( OR($F71="",$F71=1), MROUND($AH71*V71,2.5), MROUND($AH71*V71, 0.1))), "" ), "") | W71: =IF(Z71<>0, IFERROR(IF( $F71=2, MROUND($AH71*Z71,1), IF( OR($F71="",$F71=1), MROUND($AH71*Z71,2.5), MROUND($AH71*Z71, 0.1))), "" ), "") | AA71: =IF(AD71<>0, IFERROR(IF( $F71=2, MROUND($AH71*AD71,1), IF( OR($F71="",$F71=1), MROUND($AH71*AD71,2.5), MROUND($AH71*AD71, 0.1))), "" ), "") | AE71: =(IF(ISNUMBER(G71),G71,0)*H71*I71+IF(ISNUMBER(K71),K71,1)*L71*M71+IF(ISNUMBER(O71),O71,1)*P71*Q71+IF(ISNUMBER(S71),S71,1)*T71*U71+IF(ISNUMBER(W71),W71,1)*X71*Y71+IF(ISNUMBER(AA71),AA71,1)*AB71*AC71)*IF(ISNUMBER(F71),F71,1) -> 1262.5 | AF71: =IFERROR(AE71/AJ71,0) -> 60.119048 | AG71: =IFERROR((AF71/(AH71*IF(ISNUMBER(F71),F71,1))),0) -> 0.57926529 | AH71: =IF(ISNUMBER(AH15), AH15+(AH15*$AH$58),"") -> 103.785 | AI71: =( IF(ISNUMBER(G71), VLOOKUP(G71/$AH71,F!$A1:$B101,2,1)*G71*$H71*$I71,0)+IF(ISNUMBER(K71), VLOOKUP(K71/$AH71,F!$A1:$B101,2,1)*K71*$L71*$M71,0)+IF(ISNUMBER(O71), VLOOKUP(O71/$AH71,F!$A1:$B101,2,1)*O71*$P71*$Q71,0)+IF(ISNUMBER(S71), VLOOKUP(S71/$AH71,F!$A1:$B101,2,1)*S71*$T71*$U71,0)+IF(ISNUMBER(W71), VLOOKUP(W71/$AH71,F!$A1:$B101,2,1)*W71*$X71*$Y71,0)+IF(ISNUMBER(AA71), VLOOKUP(AA71/$AH71,F!$A1:$B101,2,1)*AA71*$AB71*$AC71,0))*IF(ISNUMBER(F71),F71,1)*IF(ISNUMBER(E71),E71,1) -> 665 | AJ71: =H71*I71+L71*M71+P71*Q71+T71*U71+X71*Y71+AB71*AC71 -> 21 | AK71: {=IFERROR(I71*INDEX(F!$P$21:$AB$33, MATCH(G71/$AH71, F!$O$21:$O$33,1), MATCH(E71, F!$P$20:$AB$20,1)), 0 ) +IFERROR( M71*INDEX(F!$P$21:$AB$33, MATCH(K71/$AH71, F!$O$21:$O$33,1), MATCH(E71, F!$P$20:$AB$20,1)),0) + IFERROR( Q71*INDEX(F!$P$21:$AB$33, MATCH(O71/$AH71, F!$O$21:$O$33,1), MATCH(E71, F!$P$20:$AB$20,1)), 0) + IFERROR( U71*INDEX(F!$P$21:$AB$33, MATCH(S71/$AH71, F!$O$21:$O$33,1), MATCH(E71, F!$P$20:$AB$20,1)),0) + IFERROR(Y71*INDEX(F!$P$21:$AB$33, MATCH(W71/$AH71, F!$O$21:$O$33,1), MATCH(E71, F!$P$20:$AB$20,1)),0) + IFERROR( AC71*INDEX(F!$P$21:$AB$33, MATCH(AA71/$AH71, F!$O$21:$O$33,1), MATCH(E71, F!$P$20:$AB$20,1)),)} -> 11.8
B72: Средняя | C72: =IF(C16="","",C16) -> ОФП | D72: =IF(D16="","",D16) -> Жим стоя | E72: =IF(E16="","",E16) -> 1 | F72: =IF(F16="","",F16) | G72: =IF(J72<>0, IFERROR(IF( $F72=2, MROUND($AH72*J72,1), IF( OR($F72="",$F72=1), MROUND($AH72*J72,2.5), MROUND($AH72*J72, 0.1))), "" ), "") -> 30 | H72: 5 | I72: 4 | J72: 0.5 | K72: =IF(N72<>0, IFERROR(IF( $F72=2, MROUND($AH72*N72,1), IF( OR($F72="",$F72=1), MROUND($AH72*N72,2.5), MROUND($AH72*N72, 0.1))), "" ), "") -> 32.5 | L72: 4 | M72: 4 | N72: 0.55 | O72: =IF(R72<>0, IFERROR(IF( $F72=2, MROUND($AH72*R72,1), IF( OR($F72="",$F72=1), MROUND($AH72*R72,2.5), MROUND($AH72*R72, 0.1))), "" ), "") | S72: =IF(V72<>0, IFERROR(IF( $F72=2, MROUND($AH72*V72,1), IF( OR($F72="",$F72=1), MROUND($AH72*V72,2.5), MROUND($AH72*V72, 0.1))), "" ), "") | W72: =IF(Z72<>0, IFERROR(IF( $F72=2, MROUND($AH72*Z72,1), IF( OR($F72="",$F72=1), MROUND($AH72*Z72,2.5), MROUND($AH72*Z72, 0.1))), "" ), "") | AA72: =IF(AD72<>0, IFERROR(IF( $F72=2, MROUND($AH72*AD72,1), IF( OR($F72="",$F72=1), MROUND($AH72*AD72,2.5), MROUND($AH72*AD72, 0.1))), "" ), "") | AE72: =(IF(ISNUMBER(G72),G72,0)*H72*I72+IF(ISNUMBER(K72),K72,1)*L72*M72+IF(ISNUMBER(O72),O72,1)*P72*Q72+IF(ISNUMBER(S72),S72,1)*T72*U72+IF(ISNUMBER(W72),W72,1)*X72*Y72+IF(ISNUMBER(AA72),AA72,1)*AB72*AC72)*IF(ISNUMBER(F72),F72,1) -> 1120 | AF72: =IFERROR(AE72/AJ72,0) -> 31.111111 | AG72: =IFERROR((AF72/(AH72*IF(ISNUMBER(F72),F72,1))),0) -> 0.53510683 | AH72: =IF(ISNUMBER(AH16), AH16+(AH16*$AH$58),"") -> 58.14 | AI72: =( IF(ISNUMBER(G72), VLOOKUP(G72/$AH72,F!$A1:$B101,2,1)*G72*$H72*$I72,0)+IF(ISNUMBER(K72), VLOOKUP(K72/$AH72,F!$A1:$B101,2,1)*K72*$L72*$M72,0)+IF(ISNUMBER(O72), VLOOKUP(O72/$AH72,F!$A1:$B101,2,1)*O72*$P72*$Q72,0)+IF(ISNUMBER(S72), VLOOKUP(S72/$AH72,F!$A1:$B101,2,1)*S72*$T72*$U72,0)+IF(ISNUMBER(W72), VLOOKUP(W72/$AH72,F!$A1:$B101,2,1)*W72*$X72*$Y72,0)+IF(ISNUMBER(AA72), VLOOKUP(AA72/$AH72,F!$A1:$B101,2,1)*AA72*$AB72*$AC72,0))*IF(ISNUMBER(F72),F72,1)*IF(ISNUMBER(E72),E72,1) -> 607.6 | AJ72: =H72*I72+L72*M72+P72*Q72+T72*U72+X72*Y72+AB72*AC72 -> 36 | AK72: {=IFERROR(I72*INDEX(F!$P$21:$AB$33, MATCH(G72/$AH72, F!$O$21:$O$33,1), MATCH(E72, F!$P$20:$AB$20,1)), 0 ) +IFERROR( M72*INDEX(F!$P$21:$AB$33, MATCH(K72/$AH72, F!$O$21:$O$33,1), MATCH(E72, F!$P$20:$AB$20,1)),0) + IFERROR( Q72*INDEX(F!$P$21:$AB$33, MATCH(O72/$AH72, F!$O$21:$O$33,1), MATCH(E72, F!$P$20:$AB$20,1)), 0) + IFERROR( U72*INDEX(F!$P$21:$AB$33, MATCH(S72/$AH72, F!$O$21:$O$33,1), MATCH(E72, F!$P$20:$AB$20,1)),0) + IFERROR(Y72*INDEX(F!$P$21:$AB$33, MATCH(W72/$AH72, F!$O$21:$O$33,1), MATCH(E72, F!$P$20:$AB$20,1)),0) + IFERROR( AC72*INDEX(F!$P$21:$AB$33, MATCH(AA72/$AH72, F!$O$21:$O$33,1), MATCH(E72, F!$P$20:$AB$20,1)),)} -> 20
B73: Тяжелая | C73: =IF(C17="","",C17) -> ЖМ | D73: =IF(D17="","",D17) -> Жим средним хватом | E73: =IF(E17="","",E17) -> 1 | F73: =IF(F17="","",F17) | G73: =IF(J73<>0, IFERROR(IF( $F73=2, MROUND($AH73*J73,1), IF( OR($F73="",$F73=1), MROUND($AH73*J73,2.5), MROUND($AH73*J73, 0.1))), "" ), "") -> 50 | H73: 4 | I73: 1 | J73: 0.6 | K73: =IF(N73<>0, IFERROR(IF( $F73=2, MROUND($AH73*N73,1), IF( OR($F73="",$F73=1), MROUND($AH73*N73,2.5), MROUND($AH73*N73, 0.1))), "" ), "") -> 57.5 | L73: 4 | M73: 4 | N73: 0.7 | O73: =IF(R73<>0, IFERROR(IF( $F73=2, MROUND($AH73*R73,1), IF( OR($F73="",$F73=1), MROUND($AH73*R73,2.5), MROUND($AH73*R73, 0.1))), "" ), "") | S73: =IF(V73<>0, IFERROR(IF( $F73=2, MROUND($AH73*V73,1), IF( OR($F73="",$F73=1), MROUND($AH73*V73,2.5), MROUND($AH73*V73, 0.1))), "" ), "") | W73: =IF(Z73<>0, IFERROR(IF( $F73=2, MROUND($AH73*Z73,1), IF( OR($F73="",$F73=1), MROUND($AH73*Z73,2.5), MROUND($AH73*Z73, 0.1))), "" ), "") | AA73: =IF(AD73<>0, IFERROR(IF( $F73=2, MROUND($AH73*AD73,1), IF( OR($F73="",$F73=1), MROUND($AH73*AD73,2.5), MROUND($AH73*AD73, 0.1))), "" ), "") | AE73: =(IF(ISNUMBER(G73),G73,0)*H73*I73+IF(ISNUMBER(K73),K73,1)*L73*M73+IF(ISNUMBER(O73),O73,1)*P73*Q73+IF(ISNUMBER(S73),S73,1)*T73*U73+IF(ISNUMBER(W73),W73,1)*X73*Y73+IF(ISNUMBER(AA73),AA73,1)*AB73*AC73)*IF(ISNUMBER(F73),F73,1) -> 1120 | AF73: =IFERROR(AE73/AJ73,0) -> 56 | AG73: =IFERROR((AF73/(AH73*IF(ISNUMBER(F73),F73,1))),0) -> 0.67990044 | AH73: =IF(ISNUMBER(AH17), AH17+(AH17*$AH$58),"") -> 82.365 | AI73: =( IF(ISNUMBER(G73), VLOOKUP(G73/$AH73,F!$A1:$B101,2,1)*G73*$H73*$I73,0)+IF(ISNUMBER(K73), VLOOKUP(K73/$AH73,F!$A1:$B101,2,1)*K73*$L73*$M73,0)+IF(ISNUMBER(O73), VLOOKUP(O73/$AH73,F!$A1:$B101,2,1)*O73*$P73*$Q73,0)+IF(ISNUMBER(S73), VLOOKUP(S73/$AH73,F!$A1:$B101,2,1)*S73*$T73*$U73,0)+IF(ISNUMBER(W73), VLOOKUP(W73/$AH73,F!$A1:$B101,2,1)*W73*$X73*$Y73,0)+IF(ISNUMBER(AA73), VLOOKUP(AA73/$AH73,F!$A1:$B101,2,1)*AA73*$AB73*$AC73,0))*IF(ISNUMBER(F73),F73,1)*IF(ISNUMBER(E73),E73,1) -> 958.8 | AJ73: =H73*I73+L73*M73+P73*Q73+T73*U73+X73*Y73+AB73*AC73 -> 20 | AK73: {=IFERROR(I73*INDEX(F!$P$21:$AB$33, MATCH(G73/$AH73, F!$O$21:$O$33,1), MATCH(E73, F!$P$20:$AB$20,1)), 0 ) +IFERROR( M73*INDEX(F!$P$21:$AB$33, MATCH(K73/$AH73, F!$O$21:$O$33,1), MATCH(E73, F!$P$20:$AB$20,1)),0) + IFERROR( Q73*INDEX(F!$P$21:$AB$33, MATCH(O73/$AH73, F!$O$21:$O$33,1), MATCH(E73, F!$P$20:$AB$20,1)), 0) + IFERROR( U73*INDEX(F!$P$21:$AB$33, MATCH(S73/$AH73, F!$O$21:$O$33,1), MATCH(E73, F!$P$20:$AB$20,1)),0) + IFERROR(Y73*INDEX(F!$P$21:$AB$33, MATCH(W73/$AH73, F!$O$21:$O$33,1), MATCH(E73, F!$P$20:$AB$20,1)),0) + IFERROR( AC73*INDEX(F!$P$21:$AB$33, MATCH(AA73/$AH73, F!$O$21:$O$33,1), MATCH(E73, F!$P$20:$AB$20,1)),)} -> 15
B74: =IF(B18="","",B18) | C74: =IF(C18="","",C18) | D74: =IF(D18="","",D18) | E74: =IF(E18="","",E18) | F74: =IF(F18="","",F18) | K74: =IF(N74<>0, IFERROR(IF( $F74=2, MROUND($AH74*N74,1), IF( OR($F74="",$F74=1), MROUND($AH74*N74,2.5), MROUND($AH74*N74, 0.1))), "" ), "") | O74: =IF(R74<>0, IFERROR(IF( $F74=2, MROUND($AH74*R74,1), IF( OR($F74="",$F74=1), MROUND($AH74*R74,2.5), MROUND($AH74*R74, 0.1))), "" ), "") | S74: =IF(V74<>0, IFERROR(IF( $F74=2, MROUND($AH74*V74,1), IF( OR($F74="",$F74=1), MROUND($AH74*V74,2.5), MROUND($AH74*V74, 0.1))), "" ), "") | W74: =IF(Z74<>0, IFERROR(IF( $F74=2, MROUND($AH74*Z74,1), IF( OR($F74="",$F74=1), MROUND($AH74*Z74,2.5), MROUND($AH74*Z74, 0.1))), "" ), "") | AA74: =IF(AD74<>0, IFERROR(IF( $F74=2, MROUND($AH74*AD74,1), IF( OR($F74="",$F74=1), MROUND($AH74*AD74,2.5), MROUND($AH74*AD74, 0.1))), "" ), "") | AE74: =(IF(ISNUMBER(G74),G74,0)*H74*I74+IF(ISNUMBER(K74),K74,1)*L74*M74+IF(ISNUMBER(O74),O74,1)*P74*Q74+IF(ISNUMBER(S74),S74,1)*T74*U74+IF(ISNUMBER(W74),W74,1)*X74*Y74+IF(ISNUMBER(AA74),AA74,1)*AB74*AC74)*IF(ISNUMBER(F74),F74,1) -> 0 | AF74: =IFERROR(AE74/AJ74,0) -> 0 | AG74: =IFERROR((AF74/(AH74*IF(ISNUMBER(F74),F74,1))),0) -> 0 | AH74: =IF(ISNUMBER(AH18), AH18+(AH18*$AH$58),"") | AI74: =( IF(ISNUMBER(G74), VLOOKUP(G74/$AH74,F!$A1:$B101,2,1)*G74*$H74*$I74,0)+IF(ISNUMBER(K74), VLOOKUP(K74/$AH74,F!$A1:$B101,2,1)*K74*$L74*$M74,0)+IF(ISNUMBER(O74), VLOOKUP(O74/$AH74,F!$A1:$B101,2,1)*O74*$P74*$Q74,0)+IF(ISNUMBER(S74), VLOOKUP(S74/$AH74,F!$A1:$B101,2,1)*S74*$T74*$U74,0)+IF(ISNUMBER(W74), VLOOKUP(W74/$AH74,F!$A1:$B101,2,1)*W74*$X74*$Y74,0)+IF(ISNUMBER(AA74), VLOOKUP(AA74/$AH74,F!$A1:$B101,2,1)*AA74*$AB74*$AC74,0))*IF(ISNUMBER(F74),F74,1)*IF(ISNUMBER(E74),E74,1) -> 0 | AJ74: =H74*I74+L74*M74+P74*Q74+T74*U74+X74*Y74+AB74*AC74 -> 0 | AK74: {=IFERROR(I74*INDEX(F!$P$21:$AB$33, MATCH(G74/$AH74, F!$O$21:$O$33,1), MATCH(E74, F!$P$20:$AB$20,1)), 0 ) +IFERROR( M74*INDEX(F!$P$21:$AB$33, MATCH(K74/$AH74, F!$O$21:$O$33,1), MATCH(E74, F!$P$20:$AB$20,1)),0) + IFERROR( Q74*INDEX(F!$P$21:$AB$33, MATCH(O74/$AH74, F!$O$21:$O$33,1), MATCH(E74, F!$P$20:$AB$20,1)), 0) + IFERROR( U74*INDEX(F!$P$21:$AB$33, MATCH(S74/$AH74, F!$O$21:$O$33,1), MATCH(E74, F!$P$20:$AB$20,1)),0) + IFERROR(Y74*INDEX(F!$P$21:$AB$33, MATCH(W74/$AH74, F!$O$21:$O$33,1), MATCH(E74, F!$P$20:$AB$20,1)),0) + IFERROR( AC74*INDEX(F!$P$21:$AB$33, MATCH(AA74/$AH74, F!$O$21:$O$33,1), MATCH(E74, F!$P$20:$AB$20,1)),)} -> 0
B75: =IF(B19="","",B19) | C75: =IF(C19="","",C19) | D75: =IF(D19="","",D19) | E75: =IF(E19="","",E19) | F75: =IF(F19="","",F19) | K75: =IF(N75<>0, IFERROR(IF( $F75=2, MROUND($AH75*N75,1), IF( OR($F75="",$F75=1), MROUND($AH75*N75,2.5), MROUND($AH75*N75, 0.1))), "" ), "") | O75: =IF(R75<>0, IFERROR(IF( $F75=2, MROUND($AH75*R75,1), IF( OR($F75="",$F75=1), MROUND($AH75*R75,2.5), MROUND($AH75*R75, 0.1))), "" ), "") | S75: =IF(V75<>0, IFERROR(IF( $F75=2, MROUND($AH75*V75,1), IF( OR($F75="",$F75=1), MROUND($AH75*V75,2.5), MROUND($AH75*V75, 0.1))), "" ), "") | W75: =IF(Z75<>0, IFERROR(IF( $F75=2, MROUND($AH75*Z75,1), IF( OR($F75="",$F75=1), MROUND($AH75*Z75,2.5), MROUND($AH75*Z75, 0.1))), "" ), "") | AA75: =IF(AD75<>0, IFERROR(IF( $F75=2, MROUND($AH75*AD75,1), IF( OR($F75="",$F75=1), MROUND($AH75*AD75,2.5), MROUND($AH75*AD75, 0.1))), "" ), "") | AE75: =(IF(ISNUMBER(G75),G75,0)*H75*I75+IF(ISNUMBER(K75),K75,1)*L75*M75+IF(ISNUMBER(O75),O75,1)*P75*Q75+IF(ISNUMBER(S75),S75,1)*T75*U75+IF(ISNUMBER(W75),W75,1)*X75*Y75+IF(ISNUMBER(AA75),AA75,1)*AB75*AC75)*IF(ISNUMBER(F75),F75,1) -> 0 | AF75: =IFERROR(AE75/AJ75,0) -> 0 | AG75: =IFERROR((AF75/(AH75*IF(ISNUMBER(F75),F75,1))),0) -> 0 | AH75: =IF(ISNUMBER(AH19), AH19+(AH19*$AH$58),"") | AI75: =( IF(ISNUMBER(G75), VLOOKUP(G75/$AH75,F!$A1:$B101,2,1)*G75*$H75*$I75,0)+IF(ISNUMBER(K75), VLOOKUP(K75/$AH75,F!$A1:$B101,2,1)*K75*$L75*$M75,0)+IF(ISNUMBER(O75), VLOOKUP(O75/$AH75,F!$A1:$B101,2,1)*O75*$P75*$Q75,0)+IF(ISNUMBER(S75), VLOOKUP(S75/$AH75,F!$A1:$B101,2,1)*S75*$T75*$U75,0)+IF(ISNUMBER(W75), VLOOKUP(W75/$AH75,F!$A1:$B101,2,1)*W75*$X75*$Y75,0)+IF(ISNUMBER(AA75), VLOOKUP(AA75/$AH75,F!$A1:$B101,2,1)*AA75*$AB75*$AC75,0))*IF(ISNUMBER(F75),F75,1)*IF(ISNUMBER(E75),E75,1) -> 0 | AJ75: =H75*I75+L75*M75+P75*Q75+T75*U75+X75*Y75+AB75*AC75 -> 0 | AK75: {=IFERROR(I75*INDEX(F!$P$21:$AB$33, MATCH(G75/$AH75, F!$O$21:$O$33,1), MATCH(E75, F!$P$20:$AB$20,1)), 0 ) +IFERROR( M75*INDEX(F!$P$21:$AB$33, MATCH(K75/$AH75, F!$O$21:$O$33,1), MATCH(E75, F!$P$20:$AB$20,1)),0) + IFERROR( Q75*INDEX(F!$P$21:$AB$33, MATCH(O75/$AH75, F!$O$21:$O$33,1), MATCH(E75, F!$P$20:$AB$20,1)), 0) + IFERROR( U75*INDEX(F!$P$21:$AB$33, MATCH(S75/$AH75, F!$O$21:$O$33,1), MATCH(E75, F!$P$20:$AB$20,1)),0) + IFERROR(Y75*INDEX(F!$P$21:$AB$33, MATCH(W75/$AH75, F!$O$21:$O$33,1), MATCH(E75, F!$P$20:$AB$20,1)),0) + IFERROR( AC75*INDEX(F!$P$21:$AB$33, MATCH(AA75/$AH75, F!$O$21:$O$33,1), MATCH(E75, F!$P$20:$AB$20,1)),)} -> 0
B76: =IF(B20="","",B20) | C76: =IF(C20="","",C20) | D76: =IF(D20="","",D20) | E76: =IF(E20="","",E20) | F76: =IF(F20="","",F20) | G76: =IF(J76<>0, IFERROR(IF( $F76=2, MROUND($AH76*J76,1), IF( OR($F76="",$F76=1), MROUND($AH76*J76,2.5), MROUND($AH76*J76, 0.1))), "" ), "") | K76: =IF(N76<>0, IFERROR(IF( $F76=2, MROUND($AH76*N76,1), IF( OR($F76="",$F76=1), MROUND($AH76*N76,2.5), MROUND($AH76*N76, 0.1))), "" ), "") | O76: =IF(R76<>0, IFERROR(IF( $F76=2, MROUND($AH76*R76,1), IF( OR($F76="",$F76=1), MROUND($AH76*R76,2.5), MROUND($AH76*R76, 0.1))), "" ), "") | S76: =IF(V76<>0, IFERROR(IF( $F76=2, MROUND($AH76*V76,1), IF( OR($F76="",$F76=1), MROUND($AH76*V76,2.5), MROUND($AH76*V76, 0.1))), "" ), "") | W76: =IF(Z76<>0, IFERROR(IF( $F76=2, MROUND($AH76*Z76,1), IF( OR($F76="",$F76=1), MROUND($AH76*Z76,2.5), MROUND($AH76*Z76, 0.1))), "" ), "") | AA76: =IF(AD76<>0, IFERROR(IF( $F76=2, MROUND($AH76*AD76,1), IF( OR($F76="",$F76=1), MROUND($AH76*AD76,2.5), MROUND($AH76*AD76, 0.1))), "" ), "") | AE76: =(IF(ISNUMBER(G76),G76,0)*H76*I76+IF(ISNUMBER(K76),K76,1)*L76*M76+IF(ISNUMBER(O76),O76,1)*P76*Q76+IF(ISNUMBER(S76),S76,1)*T76*U76+IF(ISNUMBER(W76),W76,1)*X76*Y76+IF(ISNUMBER(AA76),AA76,1)*AB76*AC76)*IF(ISNUMBER(F76),F76,1) -> 0 | AF76: =IFERROR(AE76/AJ76,0) -> 0 | AG76: =IFERROR((AF76/(AH76*IF(ISNUMBER(F76),F76,1))),0) -> 0 | AH76: =IF(ISNUMBER(AH20), AH20+(AH20*$AH$58),"") | AI76: =( IF(ISNUMBER(G76), VLOOKUP(G76/$AH76,F!$A1:$B101,2,1)*G76*$H76*$I76,0)+IF(ISNUMBER(K76), VLOOKUP(K76/$AH76,F!$A1:$B101,2,1)*K76*$L76*$M76,0)+IF(ISNUMBER(O76), VLOOKUP(O76/$AH76,F!$A1:$B101,2,1)*O76*$P76*$Q76,0)+IF(ISNUMBER(S76), VLOOKUP(S76/$AH76,F!$A1:$B101,2,1)*S76*$T76*$U76,0)+IF(ISNUMBER(W76), VLOOKUP(W76/$AH76,F!$A1:$B101,2,1)*W76*$X76*$Y76,0)+IF(ISNUMBER(AA76), VLOOKUP(AA76/$AH76,F!$A1:$B101,2,1)*AA76*$AB76*$AC76,0))*IF(ISNUMBER(F76),F76,1)*IF(ISNUMBER(E76),E76,1) -> 0 | AJ76: =H76*I76+L76*M76+P76*Q76+T76*U76+X76*Y76+AB76*AC76 -> 0 | AK76: {=IFERROR(I76*INDEX(F!$P$21:$AB$33, MATCH(G76/$AH76, F!$O$21:$O$33,1), MATCH(E76, F!$P$20:$AB$20,1)), 0 ) +IFERROR( M76*INDEX(F!$P$21:$AB$33, MATCH(K76/$AH76, F!$O$21:$O$33,1), MATCH(E76, F!$P$20:$AB$20,1)),0) + IFERROR( Q76*INDEX(F!$P$21:$AB$33, MATCH(O76/$AH76, F!$O$21:$O$33,1), MATCH(E76, F!$P$20:$AB$20,1)), 0) + IFERROR( U76*INDEX(F!$P$21:$AB$33, MATCH(S76/$AH76, F!$O$21:$O$33,1), MATCH(E76, F!$P$20:$AB$20,1)),0) + IFERROR(Y76*INDEX(F!$P$21:$AB$33, MATCH(W76/$AH76, F!$O$21:$O$33,1), MATCH(E76, F!$P$20:$AB$20,1)),0) + IFERROR( AC76*INDEX(F!$P$21:$AB$33, MATCH(AA76/$AH76, F!$O$21:$O$33,1), MATCH(E76, F!$P$20:$AB$20,1)),)} -> 0
E77: =ROUND(IFERROR(SUMPRODUCT(AJ69:AJ76,E69:E76)/AJ77,0),3) -> 1.002 | AE77: =SUM(AE69:AE76) -> 6097.5 | AF77: =IFERROR(AE77/AJ77,0) -> 59.199029 | AG77: =IFERROR( SUMPRODUCT(AG69:AG76,AJ69:AJ76)/AJ77,0) -> 0.61928507 | AI77: =SUM(AI69:AI76) -> 6673.12 | AJ77: =SUM(AJ69:AJ76) -> 103 | AK77: =IF(SUM(AK69:AK76)=0,TIME(,0,),TIME(,SUM(AK69:AK76)+F!$V$37,)) -> 0.095833333
A78: =A79 -> 43791 | B78: =IF(B22="","",B22) -> Тяжелая | C78: =IF(C22="","",C22) -> ПР | D78: =IF(D22="","",D22) -> Присед | E78: =IF(E22="","",E22) -> 1.2 | F78: =IF(F22="","",F22) | G78: =IF(J78<>0, IFERROR(IF( $F78=2, MROUND($AH78*J78,1), IF( OR($F78="",$F78=1), MROUND($AH78*J78,2.5), MROUND($AH78*J78, 0.1))), "" ), "") -> 82.5 | H78: 3 | I78: 1 | J78: 0.6 | K78: =IF(N78<>0, IFERROR(IF( $F78=2, MROUND($AH78*N78,1), IF( OR($F78="",$F78=1), MROUND($AH78*N78,2.5), MROUND($AH78*N78, 0.1))), "" ), "") -> 97.5 | L78: 2 | M78: 2 | N78: 0.7 | O78: =IF(R78<>0, IFERROR(IF( $F78=2, MROUND($AH78*R78,1), IF( OR($F78="",$F78=1), MROUND($AH78*R78,2.5), MROUND($AH78*R78, 0.1))), "" ), "") -> 110 | P78: 2 | Q78: 2 | R78: 0.8 | S78: =IF(V78<>0, IFERROR(IF( $F78=2, MROUND($AH78*V78,1), IF( OR($F78="",$F78=1), MROUND($AH78*V78,2.5), MROUND($AH78*V78, 0.1))), "" ), "") | W78: =IF(Z78<>0, IFERROR(IF( $F78=2, MROUND($AH78*Z78,1), IF( OR($F78="",$F78=1), MROUND($AH78*Z78,2.5), MROUND($AH78*Z78, 0.1))), "" ), "") | AA78: =IF(AD78<>0, IFERROR(IF( $F78=2, MROUND($AH78*AD78,1), IF( OR($F78="",$F78=1), MROUND($AH78*AD78,2.5), MROUND($AH78*AD78, 0.1))), "" ), "") | AE78: =(IF(ISNUMBER(G78),G78,0)*H78*I78+IF(ISNUMBER(K78),K78,1)*L78*M78+IF(ISNUMBER(O78),O78,1)*P78*Q78+IF(ISNUMBER(S78),S78,1)*T78*U78+IF(ISNUMBER(W78),W78,1)*X78*Y78+IF(ISNUMBER(AA78),AA78,1)*AB78*AC78)*IF(ISNUMBER(F78),F78,1) -> 1077.5 | AF78: =IFERROR(AE78/AJ78,0) -> 97.954545 | AG78: =IFERROR((AF78/(AH78*IF(ISNUMBER(F78),F78,1))),0) -> 0.71136199 | AH78: =IF(ISNUMBER(AH22), AH22+(AH22*$AH$58),"") -> 137.7 | AI78: =( IF(ISNUMBER(G78), VLOOKUP(G78/$AH78,F!$A1:$B101,2,1)*G78*$H78*$I78,0)+IF(ISNUMBER(K78), VLOOKUP(K78/$AH78,F!$A1:$B101,2,1)*K78*$L78*$M78,0)+IF(ISNUMBER(O78), VLOOKUP(O78/$AH78,F!$A1:$B101,2,1)*O78*$P78*$Q78,0)+IF(ISNUMBER(S78), VLOOKUP(S78/$AH78,F!$A1:$B101,2,1)*S78*$T78*$U78,0)+IF(ISNUMBER(W78), VLOOKUP(W78/$AH78,F!$A1:$B101,2,1)*W78*$X78*$Y78,0)+IF(ISNUMBER(AA78), VLOOKUP(AA78/$AH78,F!$A1:$B101,2,1)*AA78*$AB78*$AC78,0))*IF(ISNUMBER(F78),F78,1)*IF(ISNUMBER(E78),E78,1) -> 1399.32 | AJ78: =H78*I78+L78*M78+P78*Q78+T78*U78+X78*Y78+AB78*AC78 -> 11 | AK78: {=IFERROR(I78*INDEX(F!$P$21:$AB$33, MATCH(G78/$AH78, F!$O$21:$O$33,1), MATCH(E78, F!$P$20:$AB$20,1)), 0 ) +IFERROR( M78*INDEX(F!$P$21:$AB$33, MATCH(K78/$AH78, F!$O$21:$O$33,1), MATCH(E78, F!$P$20:$AB$20,1)),0) + IFERROR( Q78*INDEX(F!$P$21:$AB$33, MATCH(O78/$AH78, F!$O$21:$O$33,1), MATCH(E78, F!$P$20:$AB$20,1)), 0) + IFERROR( U78*INDEX(F!$P$21:$AB$33, MATCH(S78/$AH78, F!$O$21:$O$33,1), MATCH(E78, F!$P$20:$AB$20,1)),0) + IFERROR(Y78*INDEX(F!$P$21:$AB$33, MATCH(W78/$AH78, F!$O$21:$O$33,1), MATCH(E78, F!$P$20:$AB$20,1)),0) + IFERROR( AC78*INDEX(F!$P$21:$AB$33, MATCH(AA78/$AH78, F!$O$21:$O$33,1), MATCH(E78, F!$P$20:$AB$20,1)),)} -> 24
A79: =A23+A2 -> 43791 | B79: =IF(B23="","",B23) -> Тяжелая | C79: =IF(C23="","",C23) -> ЖМ | D79: =IF(D23="","",D23) -> Жим лежа | E79: =IF(E23="","",E23) -> 1 | F79: =IF(F23="","",F23) | G79: =IF(J79<>0, IFERROR(IF( $F79=2, MROUND($AH79*J79,1), IF( OR($F79="",$F79=1), MROUND($AH79*J79,2.5), MROUND($AH79*J79, 0.1))), "" ), "") -> 62.5 | H79: 3 | I79: 1 | J79: 0.65 | K79: =IF(N79<>0, IFERROR(IF( $F79=2, MROUND($AH79*N79,1), IF( OR($F79="",$F79=1), MROUND($AH79*N79,2.5), MROUND($AH79*N79, 0.1))), "" ), "") -> 72.5 | L79: 2 | M79: 2 | N79: 0.75 | O79: =IF(R79<>0, IFERROR(IF( $F79=2, MROUND($AH79*R79,1), IF( OR($F79="",$F79=1), MROUND($AH79*R79,2.5), MROUND($AH79*R79, 0.1))), "" ), "") -> 82.5 | P79: 1 | Q79: 2 | R79: 0.85 | S79: =IF(V79<>0, IFERROR(IF( $F79=2, MROUND($AH79*V79,1), IF( OR($F79="",$F79=1), MROUND($AH79*V79,2.5), MROUND($AH79*V79, 0.1))), "" ), "") | W79: =IF(Z79<>0, IFERROR(IF( $F79=2, MROUND($AH79*Z79,1), IF( OR($F79="",$F79=1), MROUND($AH79*Z79,2.5), MROUND($AH79*Z79, 0.1))), "" ), "") | AA79: =IF(AD79<>0, IFERROR(IF( $F79=2, MROUND($AH79*AD79,1), IF( OR($F79="",$F79=1), MROUND($AH79*AD79,2.5), MROUND($AH79*AD79, 0.1))), "" ), "") | AE79: =(IF(ISNUMBER(G79),G79,0)*H79*I79+IF(ISNUMBER(K79),K79,1)*L79*M79+IF(ISNUMBER(O79),O79,1)*P79*Q79+IF(ISNUMBER(S79),S79,1)*T79*U79+IF(ISNUMBER(W79),W79,1)*X79*Y79+IF(ISNUMBER(AA79),AA79,1)*AB79*AC79)*IF(ISNUMBER(F79),F79,1) -> 642.5 | AF79: =IFERROR(AE79/AJ79,0) -> 71.388889 | AG79: =IFERROR((AF79/(AH79*IF(ISNUMBER(F79),F79,1))),0) -> 0.73672744 | AH79: =IF(ISNUMBER(AH23), AH23+(AH23*$AH$58),"") -> 96.9 | AI79: =( IF(ISNUMBER(G79), VLOOKUP(G79/$AH79,F!$A1:$B101,2,1)*G79*$H79*$I79,0)+IF(ISNUMBER(K79), VLOOKUP(K79/$AH79,F!$A1:$B101,2,1)*K79*$L79*$M79,0)+IF(ISNUMBER(O79), VLOOKUP(O79/$AH79,F!$A1:$B101,2,1)*O79*$P79*$Q79,0)+IF(ISNUMBER(S79), VLOOKUP(S79/$AH79,F!$A1:$B101,2,1)*S79*$T79*$U79,0)+IF(ISNUMBER(W79), VLOOKUP(W79/$AH79,F!$A1:$B101,2,1)*W79*$X79*$Y79,0)+IF(ISNUMBER(AA79), VLOOKUP(AA79/$AH79,F!$A1:$B101,2,1)*AA79*$AB79*$AC79,0))*IF(ISNUMBER(F79),F79,1)*IF(ISNUMBER(E79),E79,1) -> 790.35 | AJ79: =H79*I79+L79*M79+P79*Q79+T79*U79+X79*Y79+AB79*AC79 -> 9 | AK79: {=IFERROR(I79*INDEX(F!$P$21:$AB$33, MATCH(G79/$AH79, F!$O$21:$O$33,1), MATCH(E79, F!$P$20:$AB$20,1)), 0 ) +IFERROR( M79*INDEX(F!$P$21:$AB$33, MATCH(K79/$AH79, F!$O$21:$O$33,1), MATCH(E79, F!$P$20:$AB$20,1)),0) + IFERROR( Q79*INDEX(F!$P$21:$AB$33, MATCH(O79/$AH79, F!$O$21:$O$33,1), MATCH(E79, F!$P$20:$AB$20,1)), 0) + IFERROR( U79*INDEX(F!$P$21:$AB$33, MATCH(S79/$AH79, F!$O$21:$O$33,1), MATCH(E79, F!$P$20:$AB$20,1)),0) + IFERROR(Y79*INDEX(F!$P$21:$AB$33, MATCH(W79/$AH79, F!$O$21:$O$33,1), MATCH(E79, F!$P$20:$AB$20,1)),0) + IFERROR( AC79*INDEX(F!$P$21:$AB$33, MATCH(AA79/$AH79, F!$O$21:$O$33,1), MATCH(E79, F!$P$20:$AB$20,1)),)} -> 20
B80: Тяжелая | C80: =IF(C24="","",C24) -> ПР | D80: =IF(D24="","",D24) -> Присед | E80: =IF(E24="","",E24) -> 1.2 | F80: =IF(F24="","",F24) | G80: =IF(J80<>0, IFERROR(IF( $F80=2, MROUND($AH80*J80,1), IF( OR($F80="",$F80=1), MROUND($AH80*J80,2.5), MROUND($AH80*J80, 0.1))), "" ), "") -> 90 | H80: 3 | I80: 1 | J80: 0.65 | K80: =IF(N80<>0, IFERROR(IF( $F80=2, MROUND($AH80*N80,1), IF( OR($F80="",$F80=1), MROUND($AH80*N80,2.5), MROUND($AH80*N80, 0.1))), "" ), "") -> 102.5 | L80: 2 | M80: 1 | N80: 0.75 | O80: =IF(R80<>0, IFERROR(IF( $F80=2, MROUND($AH80*R80,1), IF( OR($F80="",$F80=1), MROUND($AH80*R80,2.5), MROUND($AH80*R80, 0.1))), "" ), "") -> 117.5 | P80: 2 | Q80: 2 | R80: 0.85 | S80: =IF(V80<>0, IFERROR(IF( $F80=2, MROUND($AH80*V80,1), IF( OR($F80="",$F80=1), MROUND($AH80*V80,2.5), MROUND($AH80*V80, 0.1))), "" ), "") -> 120 | T80: 1 | U80: 2 | V80: 0.88 | W80: =IF(Z80<>0, IFERROR(IF( $F80=2, MROUND($AH80*Z80,1), IF( OR($F80="",$F80=1), MROUND($AH80*Z80,2.5), MROUND($AH80*Z80, 0.1))), "" ), "") | AA80: =IF(AD80<>0, IFERROR(IF( $F80=2, MROUND($AH80*AD80,1), IF( OR($F80="",$F80=1), MROUND($AH80*AD80,2.5), MROUND($AH80*AD80, 0.1))), "" ), "") | AE80: =(IF(ISNUMBER(G80),G80,0)*H80*I80+IF(ISNUMBER(K80),K80,1)*L80*M80+IF(ISNUMBER(O80),O80,1)*P80*Q80+IF(ISNUMBER(S80),S80,1)*T80*U80+IF(ISNUMBER(W80),W80,1)*X80*Y80+IF(ISNUMBER(AA80),AA80,1)*AB80*AC80)*IF(ISNUMBER(F80),F80,1) -> 1185 | AF80: =IFERROR(AE80/AJ80,0) -> 107.72727 | AG80: =IFERROR((AF80/(AH80*IF(ISNUMBER(F80),F80,1))),0) -> 0.78233314 | AH80: =IF(ISNUMBER(AH24), AH24+(AH24*$AH$58),"") -> 137.7 | AI80: =( IF(ISNUMBER(G80), VLOOKUP(G80/$AH80,F!$A1:$B101,2,1)*G80*$H80*$I80,0)+IF(ISNUMBER(K80), VLOOKUP(K80/$AH80,F!$A1:$B101,2,1)*K80*$L80*$M80,0)+IF(ISNUMBER(O80), VLOOKUP(O80/$AH80,F!$A1:$B101,2,1)*O80*$P80*$Q80,0)+IF(ISNUMBER(S80), VLOOKUP(S80/$AH80,F!$A1:$B101,2,1)*S80*$T80*$U80,0)+IF(ISNUMBER(W80), VLOOKUP(W80/$AH80,F!$A1:$B101,2,1)*W80*$X80*$Y80,0)+IF(ISNUMBER(AA80), VLOOKUP(AA80/$AH80,F!$A1:$B101,2,1)*AA80*$AB80*$AC80,0))*IF(ISNUMBER(F80),F80,1)*IF(ISNUMBER(E80),E80,1) -> 2244.84 | AJ80: =H80*I80+L80*M80+P80*Q80+T80*U80+X80*Y80+AB80*AC80 -> 11 | AK80: {=IFERROR(I80*INDEX(F!$P$21:$AB$33, MATCH(G80/$AH80, F!$O$21:$O$33,1), MATCH(E80, F!$P$20:$AB$20,1)), 0 ) +IFERROR( M80*INDEX(F!$P$21:$AB$33, MATCH(K80/$AH80, F!$O$21:$O$33,1), MATCH(E80, F!$P$20:$AB$20,1)),0) + IFERROR( Q80*INDEX(F!$P$21:$AB$33, MATCH(O80/$AH80, F!$O$21:$O$33,1), MATCH(E80, F!$P$20:$AB$20,1)), 0) + IFERROR( U80*INDEX(F!$P$21:$AB$33, MATCH(S80/$AH80, F!$O$21:$O$33,1), MATCH(E80, F!$P$20:$AB$20,1)),0) + IFERROR(Y80*INDEX(F!$P$21:$AB$33, MATCH(W80/$AH80, F!$O$21:$O$33,1), MATCH(E80, F!$P$20:$AB$20,1)),0) + IFERROR( AC80*INDEX(F!$P$21:$AB$33, MATCH(AA80/$AH80, F!$O$21:$O$33,1), MATCH(E80, F!$P$20:$AB$20,1)),)} -> 35
B81: =IF(B25="","",B25) -> Тяжелая | C81: =IF(C25="","",C25) -> ЖМ | D81: =IF(D25="","",D25) -> Жим на наклонной скамье | E81: =IF(E25="","",E25) -> 1 | F81: =IF(F25="","",F25) | G81: =IF(J81<>0, IFERROR(IF( $F81=2, MROUND($AH81*J81,1), IF( OR($F81="",$F81=1), MROUND($AH81*J81,2.5), MROUND($AH81*J81, 0.1))), "" ), "") -> 50 | H81: 4 | I81: 1 | J81: 0.65 | K81: =IF(N81<>0, IFERROR(IF( $F81=2, MROUND($AH81*N81,1), IF( OR($F81="",$F81=1), MROUND($AH81*N81,2.5), MROUND($AH81*N81, 0.1))), "" ), "") -> 57.5 | L81: 4 | M81: 4 | N81: 0.75 | O81: =IF(R81<>0, IFERROR(IF( $F81=2, MROUND($AH81*R81,1), IF( OR($F81="",$F81=1), MROUND($AH81*R81,2.5), MROUND($AH81*R81, 0.1))), "" ), "") | S81: =IF(V81<>0, IFERROR(IF( $F81=2, MROUND($AH81*V81,1), IF( OR($F81="",$F81=1), MROUND($AH81*V81,2.5), MROUND($AH81*V81, 0.1))), "" ), "") | W81: =IF(Z81<>0, IFERROR(IF( $F81=2, MROUND($AH81*Z81,1), IF( OR($F81="",$F81=1), MROUND($AH81*Z81,2.5), MROUND($AH81*Z81, 0.1))), "" ), "") | AA81: =IF(AD81<>0, IFERROR(IF( $F81=2, MROUND($AH81*AD81,1), IF( OR($F81="",$F81=1), MROUND($AH81*AD81,2.5), MROUND($AH81*AD81, 0.1))), "" ), "") | AE81: =(IF(ISNUMBER(G81),G81,0)*H81*I81+IF(ISNUMBER(K81),K81,1)*L81*M81+IF(ISNUMBER(O81),O81,1)*P81*Q81+IF(ISNUMBER(S81),S81,1)*T81*U81+IF(ISNUMBER(W81),W81,1)*X81*Y81+IF(ISNUMBER(AA81),AA81,1)*AB81*AC81)*IF(ISNUMBER(F81),F81,1) -> 1120 | AF81: =IFERROR(AE81/AJ81,0) -> 56 | AG81: =IFERROR((AF81/(AH81*IF(ISNUMBER(F81),F81,1))),0) -> 0.72239422 | AH81: =IF(ISNUMBER(AH25), AH25+(AH25*$AH$58),"") -> 77.52 | AI81: =( IF(ISNUMBER(G81), VLOOKUP(G81/$AH81,F!$A1:$B101,2,1)*G81*$H81*$I81,0)+IF(ISNUMBER(K81), VLOOKUP(K81/$AH81,F!$A1:$B101,2,1)*K81*$L81*$M81,0)+IF(ISNUMBER(O81), VLOOKUP(O81/$AH81,F!$A1:$B101,2,1)*O81*$P81*$Q81,0)+IF(ISNUMBER(S81), VLOOKUP(S81/$AH81,F!$A1:$B101,2,1)*S81*$T81*$U81,0)+IF(ISNUMBER(W81), VLOOKUP(W81/$AH81,F!$A1:$B101,2,1)*W81*$X81*$Y81,0)+IF(ISNUMBER(AA81), VLOOKUP(AA81/$AH81,F!$A1:$B101,2,1)*AA81*$AB81*$AC81,0))*IF(ISNUMBER(F81),F81,1)*IF(ISNUMBER(E81),E81,1) -> 1204.8 | AJ81: =H81*I81+L81*M81+P81*Q81+T81*U81+X81*Y81+AB81*AC81 -> 20 | AK81: {=IFERROR(I81*INDEX(F!$P$21:$AB$33, MATCH(G81/$AH81, F!$O$21:$O$33,1), MATCH(E81, F!$P$20:$AB$20,1)), 0 ) +IFERROR( M81*INDEX(F!$P$21:$AB$33, MATCH(K81/$AH81, F!$O$21:$O$33,1), MATCH(E81, F!$P$20:$AB$20,1)),0) + IFERROR( Q81*INDEX(F!$P$21:$AB$33, MATCH(O81/$AH81, F!$O$21:$O$33,1), MATCH(E81, F!$P$20:$AB$20,1)), 0) + IFERROR( U81*INDEX(F!$P$21:$AB$33, MATCH(S81/$AH81, F!$O$21:$O$33,1), MATCH(E81, F!$P$20:$AB$20,1)),0) + IFERROR(Y81*INDEX(F!$P$21:$AB$33, MATCH(W81/$AH81, F!$O$21:$O$33,1), MATCH(E81, F!$P$20:$AB$20,1)),0) + IFERROR( AC81*INDEX(F!$P$21:$AB$33, MATCH(AA81/$AH81, F!$O$21:$O$33,1), MATCH(E81, F!$P$20:$AB$20,1)),)} -> 19
B82: Средняя | C82: =IF(C26="","",C26) -> ОФП | D82: =IF(D26="","",D26) -> Бицепс стоя | E82: =IF(E26="","",E26) -> 0.5 | F82: =IF(F26="","",F26) | G82: =IF(J82<>0, IFERROR(IF( $F82=2, MROUND($AH82*J82,1), IF( OR($F82="",$F82=1), MROUND($AH82*J82,2.5), MROUND($AH82*J82, 0.1))), "" ), "") -> 0 | H82: 5 | I82: 1 | J82: 0.55 | K82: =IF(N82<>0, IFERROR(IF( $F82=2, MROUND($AH82*N82,1), IF( OR($F82="",$F82=1), MROUND($AH82*N82,2.5), MROUND($AH82*N82, 0.1))), "" ), "") -> 0 | L82: 5 | M82: 5 | N82: 0.65 | O82: =IF(R82<>0, IFERROR(IF( $F82=2, MROUND($AH82*R82,1), IF( OR($F82="",$F82=1), MROUND($AH82*R82,2.5), MROUND($AH82*R82, 0.1))), "" ), "") | S82: =IF(V82<>0, IFERROR(IF( $F82=2, MROUND($AH82*V82,1), IF( OR($F82="",$F82=1), MROUND($AH82*V82,2.5), MROUND($AH82*V82, 0.1))), "" ), "") | W82: =IF(Z82<>0, IFERROR(IF( $F82=2, MROUND($AH82*Z82,1), IF( OR($F82="",$F82=1), MROUND($AH82*Z82,2.5), MROUND($AH82*Z82, 0.1))), "" ), "") | AA82: =IF(AD82<>0, IFERROR(IF( $F82=2, MROUND($AH82*AD82,1), IF( OR($F82="",$F82=1), MROUND($AH82*AD82,2.5), MROUND($AH82*AD82, 0.1))), "" ), "") | AE82: =(IF(ISNUMBER(G82),G82,0)*H82*I82+IF(ISNUMBER(K82),K82,1)*L82*M82+IF(ISNUMBER(O82),O82,1)*P82*Q82+IF(ISNUMBER(S82),S82,1)*T82*U82+IF(ISNUMBER(W82),W82,1)*X82*Y82+IF(ISNUMBER(AA82),AA82,1)*AB82*AC82)*IF(ISNUMBER(F82),F82,1) -> 0 | AF82: =IFERROR(AE82/AJ82,0) -> 0 | AG82: =IFERROR((AF82/(AH82*IF(ISNUMBER(F82),F82,1))),0) -> 0 | AH82: =IF(ISNUMBER(AH26), AH26+(AH26*$AH$58),"") | AI82: =( IF(ISNUMBER(G82), VLOOKUP(G82/$AH82,F!$A1:$B101,2,1)*G82*$H82*$I82,0)+IF(ISNUMBER(K82), VLOOKUP(K82/$AH82,F!$A1:$B101,2,1)*K82*$L82*$M82,0)+IF(ISNUMBER(O82), VLOOKUP(O82/$AH82,F!$A1:$B101,2,1)*O82*$P82*$Q82,0)+IF(ISNUMBER(S82), VLOOKUP(S82/$AH82,F!$A1:$B101,2,1)*S82*$T82*$U82,0)+IF(ISNUMBER(W82), VLOOKUP(W82/$AH82,F!$A1:$B101,2,1)*W82*$X82*$Y82,0)+IF(ISNUMBER(AA82), VLOOKUP(AA82/$AH82,F!$A1:$B101,2,1)*AA82*$AB82*$AC82,0))*IF(ISNUMBER(F82),F82,1)*IF(ISNUMBER(E82),E82,1) -> #DIV/0! | AJ82: =H82*I82+L82*M82+P82*Q82+T82*U82+X82*Y82+AB82*AC82 -> 30 | AK82: {=IFERROR(I82*INDEX(F!$P$21:$AB$33, MATCH(G82/$AH82, F!$O$21:$O$33,1), MATCH(E82, F!$P$20:$AB$20,1)), 0 ) +IFERROR( M82*INDEX(F!$P$21:$AB$33, MATCH(K82/$AH82, F!$O$21:$O$33,1), MATCH(E82, F!$P$20:$AB$20,1)),0) + IFERROR( Q82*INDEX(F!$P$21:$AB$33, MATCH(O82/$AH82, F!$O$21:$O$33,1), MATCH(E82, F!$P$20:$AB$20,1)), 0) + IFERROR( U82*INDEX(F!$P$21:$AB$33, MATCH(S82/$AH82, F!$O$21:$O$33,1), MATCH(E82, F!$P$20:$AB$20,1)),0) + IFERROR(Y82*INDEX(F!$P$21:$AB$33, MATCH(W82/$AH82, F!$O$21:$O$33,1), MATCH(E82, F!$P$20:$AB$20,1)),0) + IFERROR( AC82*INDEX(F!$P$21:$AB$33, MATCH(AA82/$AH82, F!$O$21:$O$33,1), MATCH(E82, F!$P$20:$AB$20,1)),)} -> 0
B83: =IF(B27="","",B27) | C83: =IF(C27="","",C27) | D83: =IF(D27="","",D27) | E83: =IF(E27="","",E27) | F83: =IF(F27="","",F27) | K83: =IF(N83<>0, IFERROR(IF( $F83=2, MROUND($AH83*N83,1), IF( OR($F83="",$F83=1), MROUND($AH83*N83,2.5), MROUND($AH83*N83, 0.1))), "" ), "") | O83: =IF(R83<>0, IFERROR(IF( $F83=2, MROUND($AH83*R83,1), IF( OR($F83="",$F83=1), MROUND($AH83*R83,2.5), MROUND($AH83*R83, 0.1))), "" ), "") | S83: =IF(V83<>0, IFERROR(IF( $F83=2, MROUND($AH83*V83,1), IF( OR($F83="",$F83=1), MROUND($AH83*V83,2.5), MROUND($AH83*V83, 0.1))), "" ), "") | W83: =IF(Z83<>0, IFERROR(IF( $F83=2, MROUND($AH83*Z83,1), IF( OR($F83="",$F83=1), MROUND($AH83*Z83,2.5), MROUND($AH83*Z83, 0.1))), "" ), "") | AA83: =IF(AD83<>0, IFERROR(IF( $F83=2, MROUND($AH83*AD83,1), IF( OR($F83="",$F83=1), MROUND($AH83*AD83,2.5), MROUND($AH83*AD83, 0.1))), "" ), "") | AE83: =(IF(ISNUMBER(G83),G83,0)*H83*I83+IF(ISNUMBER(K83),K83,1)*L83*M83+IF(ISNUMBER(O83),O83,1)*P83*Q83+IF(ISNUMBER(S83),S83,1)*T83*U83+IF(ISNUMBER(W83),W83,1)*X83*Y83+IF(ISNUMBER(AA83),AA83,1)*AB83*AC83)*IF(ISNUMBER(F83),F83,1) -> 0 | AF83: =IFERROR(AE83/AJ83,0) -> 0 | AG83: =IFERROR((AF83/(AH83*IF(ISNUMBER(F83),F83,1))),0) -> 0 | AH83: =IF(ISNUMBER(AH27), AH27+(AH27*$AH$58),"") | AI83: =( IF(ISNUMBER(G83), VLOOKUP(G83/$AH83,F!$A1:$B101,2,1)*G83*$H83*$I83,0)+IF(ISNUMBER(K83), VLOOKUP(K83/$AH83,F!$A1:$B101,2,1)*K83*$L83*$M83,0)+IF(ISNUMBER(O83), VLOOKUP(O83/$AH83,F!$A1:$B101,2,1)*O83*$P83*$Q83,0)+IF(ISNUMBER(S83), VLOOKUP(S83/$AH83,F!$A1:$B101,2,1)*S83*$T83*$U83,0)+IF(ISNUMBER(W83), VLOOKUP(W83/$AH83,F!$A1:$B101,2,1)*W83*$X83*$Y83,0)+IF(ISNUMBER(AA83), VLOOKUP(AA83/$AH83,F!$A1:$B101,2,1)*AA83*$AB83*$AC83,0))*IF(ISNUMBER(F83),F83,1)*IF(ISNUMBER(E83),E83,1) -> 0 | AJ83: =H83*I83+L83*M83+P83*Q83+T83*U83+X83*Y83+AB83*AC83 -> 0 | AK83: {=IFERROR(I83*INDEX(F!$P$21:$AB$33, MATCH(G83/$AH83, F!$O$21:$O$33,1), MATCH(E83, F!$P$20:$AB$20,1)), 0 ) +IFERROR( M83*INDEX(F!$P$21:$AB$33, MATCH(K83/$AH83, F!$O$21:$O$33,1), MATCH(E83, F!$P$20:$AB$20,1)),0) + IFERROR( Q83*INDEX(F!$P$21:$AB$33, MATCH(O83/$AH83, F!$O$21:$O$33,1), MATCH(E83, F!$P$20:$AB$20,1)), 0) + IFERROR( U83*INDEX(F!$P$21:$AB$33, MATCH(S83/$AH83, F!$O$21:$O$33,1), MATCH(E83, F!$P$20:$AB$20,1)),0) + IFERROR(Y83*INDEX(F!$P$21:$AB$33, MATCH(W83/$AH83, F!$O$21:$O$33,1), MATCH(E83, F!$P$20:$AB$20,1)),0) + IFERROR( AC83*INDEX(F!$P$21:$AB$33, MATCH(AA83/$AH83, F!$O$21:$O$33,1), MATCH(E83, F!$P$20:$AB$20,1)),)} -> 0
B84: =IF(B28="","",B28) | C84: =IF(C28="","",C28) | D84: =IF(D28="","",D28) | E84: =IF(E28="","",E28) | F84: =IF(F28="","",F28) | K84: =IF(N84<>0, IFERROR(IF( $F84=2, MROUND($AH84*N84,1), IF( OR($F84="",$F84=1), MROUND($AH84*N84,2.5), MROUND($AH84*N84, 0.1))), "" ), "") | O84: =IF(R84<>0, IFERROR(IF( $F84=2, MROUND($AH84*R84,1), IF( OR($F84="",$F84=1), MROUND($AH84*R84,2.5), MROUND($AH84*R84, 0.1))), "" ), "") | S84: =IF(V84<>0, IFERROR(IF( $F84=2, MROUND($AH84*V84,1), IF( OR($F84="",$F84=1), MROUND($AH84*V84,2.5), MROUND($AH84*V84, 0.1))), "" ), "") | W84: =IF(Z84<>0, IFERROR(IF( $F84=2, MROUND($AH84*Z84,1), IF( OR($F84="",$F84=1), MROUND($AH84*Z84,2.5), MROUND($AH84*Z84, 0.1))), "" ), "") | AA84: =IF(AD84<>0, IFERROR(IF( $F84=2, MROUND($AH84*AD84,1), IF( OR($F84="",$F84=1), MROUND($AH84*AD84,2.5), MROUND($AH84*AD84, 0.1))), "" ), "") | AE84: =(IF(ISNUMBER(G84),G84,0)*H84*I84+IF(ISNUMBER(K84),K84,1)*L84*M84+IF(ISNUMBER(O84),O84,1)*P84*Q84+IF(ISNUMBER(S84),S84,1)*T84*U84+IF(ISNUMBER(W84),W84,1)*X84*Y84+IF(ISNUMBER(AA84),AA84,1)*AB84*AC84)*IF(ISNUMBER(F84),F84,1) -> 0 | AF84: =IFERROR(AE84/AJ84,0) -> 0 | AG84: =IFERROR((AF84/(AH84*IF(ISNUMBER(F84),F84,1))),0) -> 0 | AH84: =IF(ISNUMBER(AH28), AH28+(AH28*$AH$58),"") | AI84: =( IF(ISNUMBER(G84), VLOOKUP(G84/$AH84,F!$A1:$B101,2,1)*G84*$H84*$I84,0)+IF(ISNUMBER(K84), VLOOKUP(K84/$AH84,F!$A1:$B101,2,1)*K84*$L84*$M84,0)+IF(ISNUMBER(O84), VLOOKUP(O84/$AH84,F!$A1:$B101,2,1)*O84*$P84*$Q84,0)+IF(ISNUMBER(S84), VLOOKUP(S84/$AH84,F!$A1:$B101,2,1)*S84*$T84*$U84,0)+IF(ISNUMBER(W84), VLOOKUP(W84/$AH84,F!$A1:$B101,2,1)*W84*$X84*$Y84,0)+IF(ISNUMBER(AA84), VLOOKUP(AA84/$AH84,F!$A1:$B101,2,1)*AA84*$AB84*$AC84,0))*IF(ISNUMBER(F84),F84,1)*IF(ISNUMBER(E84),E84,1) -> 0 | AJ84: =H84*I84+L84*M84+P84*Q84+T84*U84+X84*Y84+AB84*AC84 -> 0 | AK84: {=IFERROR(I84*INDEX(F!$P$21:$AB$33, MATCH(G84/$AH84, F!$O$21:$O$33,1), MATCH(E84, F!$P$20:$AB$20,1)), 0 ) +IFERROR( M84*INDEX(F!$P$21:$AB$33, MATCH(K84/$AH84, F!$O$21:$O$33,1), MATCH(E84, F!$P$20:$AB$20,1)),0) + IFERROR( Q84*INDEX(F!$P$21:$AB$33, MATCH(O84/$AH84, F!$O$21:$O$33,1), MATCH(E84, F!$P$20:$AB$20,1)), 0) + IFERROR( U84*INDEX(F!$P$21:$AB$33, MATCH(S84/$AH84, F!$O$21:$O$33,1), MATCH(E84, F!$P$20:$AB$20,1)),0) + IFERROR(Y84*INDEX(F!$P$21:$AB$33, MATCH(W84/$AH84, F!$O$21:$O$33,1), MATCH(E84, F!$P$20:$AB$20,1)),0) + IFERROR( AC84*INDEX(F!$P$21:$AB$33, MATCH(AA84/$AH84, F!$O$21:$O$33,1), MATCH(E84, F!$P$20:$AB$20,1)),)} -> 0
B85: =IF(B29="","",B29) | C85: =IF(C29="","",C29) | D85: =IF(D29="","",D29) | E85: =IF(E29="","",E29) | F85: =IF(F29="","",F29) | G85: =IF(J85<>0, IFERROR(IF( $F85=2, MROUND($AH85*J85,1), IF( OR($F85="",$F85=1), MROUND($AH85*J85,2.5), MROUND($AH85*J85, 0.1))), "" ), "") | K85: =IF(N85<>0, IFERROR(IF( $F85=2, MROUND($AH85*N85,1), IF( OR($F85="",$F85=1), MROUND($AH85*N85,2.5), MROUND($AH85*N85, 0.1))), "" ), "") | O85: =IF(R85<>0, IFERROR(IF( $F85=2, MROUND($AH85*R85,1), IF( OR($F85="",$F85=1), MROUND($AH85*R85,2.5), MROUND($AH85*R85, 0.1))), "" ), "") | S85: =IF(V85<>0, IFERROR(IF( $F85=2, MROUND($AH85*V85,1), IF( OR($F85="",$F85=1), MROUND($AH85*V85,2.5), MROUND($AH85*V85, 0.1))), "" ), "") | W85: =IF(Z85<>0, IFERROR(IF( $F85=2, MROUND($AH85*Z85,1), IF( OR($F85="",$F85=1), MROUND($AH85*Z85,2.5), MROUND($AH85*Z85, 0.1))), "" ), "") | AA85: =IF(AD85<>0, IFERROR(IF( $F85=2, MROUND($AH85*AD85,1), IF( OR($F85="",$F85=1), MROUND($AH85*AD85,2.5), MROUND($AH85*AD85, 0.1))), "" ), "") | AE85: =(IF(ISNUMBER(G85),G85,0)*H85*I85+IF(ISNUMBER(K85),K85,1)*L85*M85+IF(ISNUMBER(O85),O85,1)*P85*Q85+IF(ISNUMBER(S85),S85,1)*T85*U85+IF(ISNUMBER(W85),W85,1)*X85*Y85+IF(ISNUMBER(AA85),AA85,1)*AB85*AC85)*IF(ISNUMBER(F85),F85,1) -> 0 | AF85: =IFERROR(AE85/AJ85,0) -> 0 | AG85: =IFERROR((AF85/(AH85*IF(ISNUMBER(F85),F85,1))),0) -> 0 | AH85: =IF(ISNUMBER(AH29), AH29+(AH29*$AH$58),"") | AI85: =( IF(ISNUMBER(G85), VLOOKUP(G85/$AH85,F!$A1:$B101,2,1)*G85*$H85*$I85,0)+IF(ISNUMBER(K85), VLOOKUP(K85/$AH85,F!$A1:$B101,2,1)*K85*$L85*$M85,0)+IF(ISNUMBER(O85), VLOOKUP(O85/$AH85,F!$A1:$B101,2,1)*O85*$P85*$Q85,0)+IF(ISNUMBER(S85), VLOOKUP(S85/$AH85,F!$A1:$B101,2,1)*S85*$T85*$U85,0)+IF(ISNUMBER(W85), VLOOKUP(W85/$AH85,F!$A1:$B101,2,1)*W85*$X85*$Y85,0)+IF(ISNUMBER(AA85), VLOOKUP(AA85/$AH85,F!$A1:$B101,2,1)*AA85*$AB85*$AC85,0))*IF(ISNUMBER(F85),F85,1)*IF(ISNUMBER(E85),E85,1) -> 0 | AJ85: =H85*I85+L85*M85+P85*Q85+T85*U85+X85*Y85+AB85*AC85 -> 0 | AK85: {=IFERROR(I85*INDEX(F!$P$21:$AB$33, MATCH(G85/$AH85, F!$O$21:$O$33,1), MATCH(E85, F!$P$20:$AB$20,1)), 0 ) +IFERROR( M85*INDEX(F!$P$21:$AB$33, MATCH(K85/$AH85, F!$O$21:$O$33,1), MATCH(E85, F!$P$20:$AB$20,1)),0) + IFERROR( Q85*INDEX(F!$P$21:$AB$33, MATCH(O85/$AH85, F!$O$21:$O$33,1), MATCH(E85, F!$P$20:$AB$20,1)), 0) + IFERROR( U85*INDEX(F!$P$21:$AB$33, MATCH(S85/$AH85, F!$O$21:$O$33,1), MATCH(E85, F!$P$20:$AB$20,1)),0) + IFERROR(Y85*INDEX(F!$P$21:$AB$33, MATCH(W85/$AH85, F!$O$21:$O$33,1), MATCH(E85, F!$P$20:$AB$20,1)),0) + IFERROR( AC85*INDEX(F!$P$21:$AB$33, MATCH(AA85/$AH85, F!$O$21:$O$33,1), MATCH(E85, F!$P$20:$AB$20,1)),)} -> 0
E86: =ROUND(IFERROR(SUMPRODUCT(AJ78:AJ85,E78:E85)/AJ86,0),3) -> 0.869 | AE86: =SUM(AE78:AE85) -> 4025 | AF86: =IFERROR(AE86/AJ86,0) -> 49.691358 | AG86: =IFERROR( SUMPRODUCT(AG78:AG85,AJ78:AJ85)/AJ86,0) -> 0.46307503 | AI86: =SUM(AI78:AI85) -> #DIV/0! | AJ86: =SUM(AJ78:AJ85) -> 81 | AK86: =IF(SUM(AK78:AK85)=0,TIME(,0,),TIME(,SUM(AK78:AK85)+F!$V$37,)) -> 0.088888889
A87: =A88 -> 43792 | B87: =IF(B31="","",B31) | C87: =IF(C31="","",C31) | D87: =IF(D31="","",D31) | E87: =IF(E31="","",E31) | F87: =IF(F31="","",F31) | G87: =IF(J87<>0, IFERROR(IF( $F87=2, MROUND($AH87*J87,1), IF( OR($F87="",$F87=1), MROUND($AH87*J87,2.5), MROUND($AH87*J87, 0.1))), "" ), "") | K87: =IF(N87<>0, IFERROR(IF( $F87=2, MROUND($AH87*N87,1), IF( OR($F87="",$F87=1), MROUND($AH87*N87,2.5), MROUND($AH87*N87, 0.1))), "" ), "") | O87: =IF(R87<>0, IFERROR(IF( $F87=2, MROUND($AH87*R87,1), IF( OR($F87="",$F87=1), MROUND($AH87*R87,2.5), MROUND($AH87*R87, 0.1))), "" ), "") | S87: =IF(V87<>0, IFERROR(IF( $F87=2, MROUND($AH87*V87,1), IF( OR($F87="",$F87=1), MROUND($AH87*V87,2.5), MROUND($AH87*V87, 0.1))), "" ), "") | W87: =IF(Z87<>0, IFERROR(IF( $F87=2, MROUND($AH87*Z87,1), IF( OR($F87="",$F87=1), MROUND($AH87*Z87,2.5), MROUND($AH87*Z87, 0.1))), "" ), "") | AA87: =IF(AD87<>0, IFERROR(IF( $F87=2, MROUND($AH87*AD87,1), IF( OR($F87="",$F87=1), MROUND($AH87*AD87,2.5), MROUND($AH87*AD87, 0.1))), "" ), "") | AE87: =(IF(ISNUMBER(G87),G87,0)*H87*I87+IF(ISNUMBER(K87),K87,1)*L87*M87+IF(ISNUMBER(O87),O87,1)*P87*Q87+IF(ISNUMBER(S87),S87,1)*T87*U87+IF(ISNUMBER(W87),W87,1)*X87*Y87+IF(ISNUMBER(AA87),AA87,1)*AB87*AC87)*IF(ISNUMBER(F87),F87,1) -> 0 | AF87: =IFERROR(AE87/AJ87,0) -> 0 | AG87: =IFERROR((AF87/(AH87*IF(ISNUMBER(F87),F87,1))),0) -> 0 | AH87: =IF(ISNUMBER(AH31), AH31+(AH31*$AH$58),"") | AI87: =( IF(ISNUMBER(G87), VLOOKUP(G87/$AH87,F!$A1:$B101,2,1)*G87*$H87*$I87,0)+IF(ISNUMBER(K87), VLOOKUP(K87/$AH87,F!$A1:$B101,2,1)*K87*$L87*$M87,0)+IF(ISNUMBER(O87), VLOOKUP(O87/$AH87,F!$A1:$B101,2,1)*O87*$P87*$Q87,0)+IF(ISNUMBER(S87), VLOOKUP(S87/$AH87,F!$A1:$B101,2,1)*S87*$T87*$U87,0)+IF(ISNUMBER(W87), VLOOKUP(W87/$AH87,F!$A1:$B101,2,1)*W87*$X87*$Y87,0)+IF(ISNUMBER(AA87), VLOOKUP(AA87/$AH87,F!$A1:$B101,2,1)*AA87*$AB87*$AC87,0))*IF(ISNUMBER(F87),F87,1)*IF(ISNUMBER(E87),E87,1) -> 0 | AJ87: =H87*I87+L87*M87+P87*Q87+T87*U87+X87*Y87+AB87*AC87 -> 0 | AK87: {=IFERROR(I87*INDEX(F!$P$21:$AB$33, MATCH(G87/$AH87, F!$O$21:$O$33,1), MATCH(E87, F!$P$20:$AB$20,1)), 0 ) +IFERROR( M87*INDEX(F!$P$21:$AB$33, MATCH(K87/$AH87, F!$O$21:$O$33,1), MATCH(E87, F!$P$20:$AB$20,1)),0) + IFERROR( Q87*INDEX(F!$P$21:$AB$33, MATCH(O87/$AH87, F!$O$21:$O$33,1), MATCH(E87, F!$P$20:$AB$20,1)), 0) + IFERROR( U87*INDEX(F!$P$21:$AB$33, MATCH(S87/$AH87, F!$O$21:$O$33,1), MATCH(E87, F!$P$20:$AB$20,1)),0) + IFERROR(Y87*INDEX(F!$P$21:$AB$33, MATCH(W87/$AH87, F!$O$21:$O$33,1), MATCH(E87, F!$P$20:$AB$20,1)),0) + IFERROR( AC87*INDEX(F!$P$21:$AB$33, MATCH(AA87/$AH87, F!$O$21:$O$33,1), MATCH(E87, F!$P$20:$AB$20,1)),)} -> 0
A88: =A32+A2 -> 43792 | B88: =IF(B32="","",B32) | C88: =IF(C32="","",C32) | D88: =IF(D32="","",D32) | E88: =IF(E32="","",E32) | F88: =IF(F32="","",F32) | G88: =IF(J88<>0, IFERROR(IF( $F88=2, MROUND($AH88*J88,1), IF( OR($F88="",$F88=1), MROUND($AH88*J88,2.5), MROUND($AH88*J88, 0.1))), "" ), "") | K88: =IF(N88<>0, IFERROR(IF( $F88=2, MROUND($AH88*N88,1), IF( OR($F88="",$F88=1), MROUND($AH88*N88,2.5), MROUND($AH88*N88, 0.1))), "" ), "") | O88: =IF(R88<>0, IFERROR(IF( $F88=2, MROUND($AH88*R88,1), IF( OR($F88="",$F88=1), MROUND($AH88*R88,2.5), MROUND($AH88*R88, 0.1))), "" ), "") | S88: =IF(V88<>0, IFERROR(IF( $F88=2, MROUND($AH88*V88,1), IF( OR($F88="",$F88=1), MROUND($AH88*V88,2.5), MROUND($AH88*V88, 0.1))), "" ), "") | W88: =IF(Z88<>0, IFERROR(IF( $F88=2, MROUND($AH88*Z88,1), IF( OR($F88="",$F88=1), MROUND($AH88*Z88,2.5), MROUND($AH88*Z88, 0.1))), "" ), "") | AA88: =IF(AD88<>0, IFERROR(IF( $F88=2, MROUND($AH88*AD88,1), IF( OR($F88="",$F88=1), MROUND($AH88*AD88,2.5), MROUND($AH88*AD88, 0.1))), "" ), "") | AE88: =(IF(ISNUMBER(G88),G88,0)*H88*I88+IF(ISNUMBER(K88),K88,1)*L88*M88+IF(ISNUMBER(O88),O88,1)*P88*Q88+IF(ISNUMBER(S88),S88,1)*T88*U88+IF(ISNUMBER(W88),W88,1)*X88*Y88+IF(ISNUMBER(AA88),AA88,1)*AB88*AC88)*IF(ISNUMBER(F88),F88,1) -> 0 | AF88: =IFERROR(AE88/AJ88,0) -> 0 | AG88: =IFERROR((AF88/(AH88*IF(ISNUMBER(F88),F88,1))),0) -> 0 | AH88: =IF(ISNUMBER(AH32), AH32+(AH32*$AH$58),"") | AI88: =( IF(ISNUMBER(G88), VLOOKUP(G88/$AH88,F!$A1:$B101,2,1)*G88*$H88*$I88,0)+IF(ISNUMBER(K88), VLOOKUP(K88/$AH88,F!$A1:$B101,2,1)*K88*$L88*$M88,0)+IF(ISNUMBER(O88), VLOOKUP(O88/$AH88,F!$A1:$B101,2,1)*O88*$P88*$Q88,0)+IF(ISNUMBER(S88), VLOOKUP(S88/$AH88,F!$A1:$B101,2,1)*S88*$T88*$U88,0)+IF(ISNUMBER(W88), VLOOKUP(W88/$AH88,F!$A1:$B101,2,1)*W88*$X88*$Y88,0)+IF(ISNUMBER(AA88), VLOOKUP(AA88/$AH88,F!$A1:$B101,2,1)*AA88*$AB88*$AC88,0))*IF(ISNUMBER(F88),F88,1)*IF(ISNUMBER(E88),E88,1) -> 0 | AJ88: =H88*I88+L88*M88+P88*Q88+T88*U88+X88*Y88+AB88*AC88 -> 0 | AK88: {=IFERROR(I88*INDEX(F!$P$21:$AB$33, MATCH(G88/$AH88, F!$O$21:$O$33,1), MATCH(E88, F!$P$20:$AB$20,1)), 0 ) +IFERROR( M88*INDEX(F!$P$21:$AB$33, MATCH(K88/$AH88, F!$O$21:$O$33,1), MATCH(E88, F!$P$20:$AB$20,1)),0) + IFERROR( Q88*INDEX(F!$P$21:$AB$33, MATCH(O88/$AH88, F!$O$21:$O$33,1), MATCH(E88, F!$P$20:$AB$20,1)), 0) + IFERROR( U88*INDEX(F!$P$21:$AB$33, MATCH(S88/$AH88, F!$O$21:$O$33,1), MATCH(E88, F!$P$20:$AB$20,1)),0) + IFERROR(Y88*INDEX(F!$P$21:$AB$33, MATCH(W88/$AH88, F!$O$21:$O$33,1), MATCH(E88, F!$P$20:$AB$20,1)),0) + IFERROR( AC88*INDEX(F!$P$21:$AB$33, MATCH(AA88/$AH88, F!$O$21:$O$33,1), MATCH(E88, F!$P$20:$AB$20,1)),)} -> 0
B89: =IF(B33="","",B33) | C89: =IF(C33="","",C33) | D89: =IF(D33="","",D33) | E89: =IF(E33="","",E33) | F89: =IF(F33="","",F33) | G89: =IF(J89<>0, IFERROR(IF( $F89=2, MROUND($AH89*J89,1), IF( OR($F89="",$F89=1), MROUND($AH89*J89,2.5), MROUND($AH89*J89, 0.1))), "" ), "") | K89: =IF(N89<>0, IFERROR(IF( $F89=2, MROUND($AH89*N89,1), IF( OR($F89="",$F89=1), MROUND($AH89*N89,2.5), MROUND($AH89*N89, 0.1))), "" ), "") | O89: =IF(R89<>0, IFERROR(IF( $F89=2, MROUND($AH89*R89,1), IF( OR($F89="",$F89=1), MROUND($AH89*R89,2.5), MROUND($AH89*R89, 0.1))), "" ), "") | S89: =IF(V89<>0, IFERROR(IF( $F89=2, MROUND($AH89*V89,1), IF( OR($F89="",$F89=1), MROUND($AH89*V89,2.5), MROUND($AH89*V89, 0.1))), "" ), "") | W89: =IF(Z89<>0, IFERROR(IF( $F89=2, MROUND($AH89*Z89,1), IF( OR($F89="",$F89=1), MROUND($AH89*Z89,2.5), MROUND($AH89*Z89, 0.1))), "" ), "") | AA89: =IF(AD89<>0, IFERROR(IF( $F89=2, MROUND($AH89*AD89,1), IF( OR($F89="",$F89=1), MROUND($AH89*AD89,2.5), MROUND($AH89*AD89, 0.1))), "" ), "") | AE89: =(IF(ISNUMBER(G89),G89,0)*H89*I89+IF(ISNUMBER(K89),K89,1)*L89*M89+IF(ISNUMBER(O89),O89,1)*P89*Q89+IF(ISNUMBER(S89),S89,1)*T89*U89+IF(ISNUMBER(W89),W89,1)*X89*Y89+IF(ISNUMBER(AA89),AA89,1)*AB89*AC89)*IF(ISNUMBER(F89),F89,1) -> 0 | AF89: =IFERROR(AE89/AJ89,0) -> 0 | AG89: =IFERROR((AF89/(AH89*IF(ISNUMBER(F89),F89,1))),0) -> 0 | AH89: =IF(ISNUMBER(AH33), AH33+(AH33*$AH$58),"") | AI89: =( IF(ISNUMBER(G89), VLOOKUP(G89/$AH89,F!$A1:$B101,2,1)*G89*$H89*$I89,0)+IF(ISNUMBER(K89), VLOOKUP(K89/$AH89,F!$A1:$B101,2,1)*K89*$L89*$M89,0)+IF(ISNUMBER(O89), VLOOKUP(O89/$AH89,F!$A1:$B101,2,1)*O89*$P89*$Q89,0)+IF(ISNUMBER(S89), VLOOKUP(S89/$AH89,F!$A1:$B101,2,1)*S89*$T89*$U89,0)+IF(ISNUMBER(W89), VLOOKUP(W89/$AH89,F!$A1:$B101,2,1)*W89*$X89*$Y89,0)+IF(ISNUMBER(AA89), VLOOKUP(AA89/$AH89,F!$A1:$B101,2,1)*AA89*$AB89*$AC89,0))*IF(ISNUMBER(F89),F89,1)*IF(ISNUMBER(E89),E89,1) -> 0 | AJ89: =H89*I89+L89*M89+P89*Q89+T89*U89+X89*Y89+AB89*AC89 -> 0 | AK89: {=IFERROR(I89*INDEX(F!$P$21:$AB$33, MATCH(G89/$AH89, F!$O$21:$O$33,1), MATCH(E89, F!$P$20:$AB$20,1)), 0 ) +IFERROR( M89*INDEX(F!$P$21:$AB$33, MATCH(K89/$AH89, F!$O$21:$O$33,1), MATCH(E89, F!$P$20:$AB$20,1)),0) + IFERROR( Q89*INDEX(F!$P$21:$AB$33, MATCH(O89/$AH89, F!$O$21:$O$33,1), MATCH(E89, F!$P$20:$AB$20,1)), 0) + IFERROR( U89*INDEX(F!$P$21:$AB$33, MATCH(S89/$AH89, F!$O$21:$O$33,1), MATCH(E89, F!$P$20:$AB$20,1)),0) + IFERROR(Y89*INDEX(F!$P$21:$AB$33, MATCH(W89/$AH89, F!$O$21:$O$33,1), MATCH(E89, F!$P$20:$AB$20,1)),0) + IFERROR( AC89*INDEX(F!$P$21:$AB$33, MATCH(AA89/$AH89, F!$O$21:$O$33,1), MATCH(E89, F!$P$20:$AB$20,1)),)} -> 0
B90: =IF(B34="","",B34) | C90: =IF(C34="","",C34) | D90: =IF(D34="","",D34) | E90: =IF(E34="","",E34) | F90: =IF(F34="","",F34) | G90: =IF(J90<>0, IFERROR(IF( $F90=2, MROUND($AH90*J90,1), IF( OR($F90="",$F90=1), MROUND($AH90*J90,2.5), MROUND($AH90*J90, 0.1))), "" ), "") | K90: =IF(N90<>0, IFERROR(IF( $F90=2, MROUND($AH90*N90,1), IF( OR($F90="",$F90=1), MROUND($AH90*N90,2.5), MROUND($AH90*N90, 0.1))), "" ), "") | O90: =IF(R90<>0, IFERROR(IF( $F90=2, MROUND($AH90*R90,1), IF( OR($F90="",$F90=1), MROUND($AH90*R90,2.5), MROUND($AH90*R90, 0.1))), "" ), "") | S90: =IF(V90<>0, IFERROR(IF( $F90=2, MROUND($AH90*V90,1), IF( OR($F90="",$F90=1), MROUND($AH90*V90,2.5), MROUND($AH90*V90, 0.1))), "" ), "") | W90: =IF(Z90<>0, IFERROR(IF( $F90=2, MROUND($AH90*Z90,1), IF( OR($F90="",$F90=1), MROUND($AH90*Z90,2.5), MROUND($AH90*Z90, 0.1))), "" ), "") | AA90: =IF(AD90<>0, IFERROR(IF( $F90=2, MROUND($AH90*AD90,1), IF( OR($F90="",$F90=1), MROUND($AH90*AD90,2.5), MROUND($AH90*AD90, 0.1))), "" ), "") | AE90: =(IF(ISNUMBER(G90),G90,0)*H90*I90+IF(ISNUMBER(K90),K90,1)*L90*M90+IF(ISNUMBER(O90),O90,1)*P90*Q90+IF(ISNUMBER(S90),S90,1)*T90*U90+IF(ISNUMBER(W90),W90,1)*X90*Y90+IF(ISNUMBER(AA90),AA90,1)*AB90*AC90)*IF(ISNUMBER(F90),F90,1) -> 0 | AF90: =IFERROR(AE90/AJ90,0) -> 0 | AG90: =IFERROR((AF90/(AH90*IF(ISNUMBER(F90),F90,1))),0) -> 0 | AH90: =IF(ISNUMBER(AH34), AH34+(AH34*$AH$58),"") | AI90: =( IF(ISNUMBER(G90), VLOOKUP(G90/$AH90,F!$A1:$B101,2,1)*G90*$H90*$I90,0)+IF(ISNUMBER(K90), VLOOKUP(K90/$AH90,F!$A1:$B101,2,1)*K90*$L90*$M90,0)+IF(ISNUMBER(O90), VLOOKUP(O90/$AH90,F!$A1:$B101,2,1)*O90*$P90*$Q90,0)+IF(ISNUMBER(S90), VLOOKUP(S90/$AH90,F!$A1:$B101,2,1)*S90*$T90*$U90,0)+IF(ISNUMBER(W90), VLOOKUP(W90/$AH90,F!$A1:$B101,2,1)*W90*$X90*$Y90,0)+IF(ISNUMBER(AA90), VLOOKUP(AA90/$AH90,F!$A1:$B101,2,1)*AA90*$AB90*$AC90,0))*IF(ISNUMBER(F90),F90,1)*IF(ISNUMBER(E90),E90,1) -> 0 | AJ90: =H90*I90+L90*M90+P90*Q90+T90*U90+X90*Y90+AB90*AC90 -> 0 | AK90: {=IFERROR(I90*INDEX(F!$P$21:$AB$33, MATCH(G90/$AH90, F!$O$21:$O$33,1), MATCH(E90, F!$P$20:$AB$20,1)), 0 ) +IFERROR( M90*INDEX(F!$P$21:$AB$33, MATCH(K90/$AH90, F!$O$21:$O$33,1), MATCH(E90, F!$P$20:$AB$20,1)),0) + IFERROR( Q90*INDEX(F!$P$21:$AB$33, MATCH(O90/$AH90, F!$O$21:$O$33,1), MATCH(E90, F!$P$20:$AB$20,1)), 0) + IFERROR( U90*INDEX(F!$P$21:$AB$33, MATCH(S90/$AH90, F!$O$21:$O$33,1), MATCH(E90, F!$P$20:$AB$20,1)),0) + IFERROR(Y90*INDEX(F!$P$21:$AB$33, MATCH(W90/$AH90, F!$O$21:$O$33,1), MATCH(E90, F!$P$20:$AB$20,1)),0) + IFERROR( AC90*INDEX(F!$P$21:$AB$33, MATCH(AA90/$AH90, F!$O$21:$O$33,1), MATCH(E90, F!$P$20:$AB$20,1)),)} -> 0
B91: =IF(B35="","",B35) | C91: =IF(C35="","",C35) | D91: =IF(D35="","",D35) | E91: =IF(E35="","",E35) | F91: =IF(F35="","",F35) | G91: =IF(J91<>0, IFERROR(IF( $F91=2, MROUND($AH91*J91,1), IF( OR($F91="",$F91=1), MROUND($AH91*J91,2.5), MROUND($AH91*J91, 0.1))), "" ), "") | K91: =IF(N91<>0, IFERROR(IF( $F91=2, MROUND($AH91*N91,1), IF( OR($F91="",$F91=1), MROUND($AH91*N91,2.5), MROUND($AH91*N91, 0.1))), "" ), "") | O91: =IF(R91<>0, IFERROR(IF( $F91=2, MROUND($AH91*R91,1), IF( OR($F91="",$F91=1), MROUND($AH91*R91,2.5), MROUND($AH91*R91, 0.1))), "" ), "") | S91: =IF(V91<>0, IFERROR(IF( $F91=2, MROUND($AH91*V91,1), IF( OR($F91="",$F91=1), MROUND($AH91*V91,2.5), MROUND($AH91*V91, 0.1))), "" ), "") | W91: =IF(Z91<>0, IFERROR(IF( $F91=2, MROUND($AH91*Z91,1), IF( OR($F91="",$F91=1), MROUND($AH91*Z91,2.5), MROUND($AH91*Z91, 0.1))), "" ), "") | AA91: =IF(AD91<>0, IFERROR(IF( $F91=2, MROUND($AH91*AD91,1), IF( OR($F91="",$F91=1), MROUND($AH91*AD91,2.5), MROUND($AH91*AD91, 0.1))), "" ), "") | AE91: =(IF(ISNUMBER(G91),G91,0)*H91*I91+IF(ISNUMBER(K91),K91,1)*L91*M91+IF(ISNUMBER(O91),O91,1)*P91*Q91+IF(ISNUMBER(S91),S91,1)*T91*U91+IF(ISNUMBER(W91),W91,1)*X91*Y91+IF(ISNUMBER(AA91),AA91,1)*AB91*AC91)*IF(ISNUMBER(F91),F91,1) -> 0 | AF91: =IFERROR(AE91/AJ91,0) -> 0 | AG91: =IFERROR((AF91/(AH91*IF(ISNUMBER(F91),F91,1))),0) -> 0 | AH91: =IF(ISNUMBER(AH35), AH35+(AH35*$AH$58),"") | AI91: =( IF(ISNUMBER(G91), VLOOKUP(G91/$AH91,F!$A1:$B101,2,1)*G91*$H91*$I91,0)+IF(ISNUMBER(K91), VLOOKUP(K91/$AH91,F!$A1:$B101,2,1)*K91*$L91*$M91,0)+IF(ISNUMBER(O91), VLOOKUP(O91/$AH91,F!$A1:$B101,2,1)*O91*$P91*$Q91,0)+IF(ISNUMBER(S91), VLOOKUP(S91/$AH91,F!$A1:$B101,2,1)*S91*$T91*$U91,0)+IF(ISNUMBER(W91), VLOOKUP(W91/$AH91,F!$A1:$B101,2,1)*W91*$X91*$Y91,0)+IF(ISNUMBER(AA91), VLOOKUP(AA91/$AH91,F!$A1:$B101,2,1)*AA91*$AB91*$AC91,0))*IF(ISNUMBER(F91),F91,1)*IF(ISNUMBER(E91),E91,1) -> 0 | AJ91: =H91*I91+L91*M91+P91*Q91+T91*U91+X91*Y91+AB91*AC91 -> 0 | AK91: {=IFERROR(I91*INDEX(F!$P$21:$AB$33, MATCH(G91/$AH91, F!$O$21:$O$33,1), MATCH(E91, F!$P$20:$AB$20,1)), 0 ) +IFERROR( M91*INDEX(F!$P$21:$AB$33, MATCH(K91/$AH91, F!$O$21:$O$33,1), MATCH(E91, F!$P$20:$AB$20,1)),0) + IFERROR( Q91*INDEX(F!$P$21:$AB$33, MATCH(O91/$AH91, F!$O$21:$O$33,1), MATCH(E91, F!$P$20:$AB$20,1)), 0) + IFERROR( U91*INDEX(F!$P$21:$AB$33, MATCH(S91/$AH91, F!$O$21:$O$33,1), MATCH(E91, F!$P$20:$AB$20,1)),0) + IFERROR(Y91*INDEX(F!$P$21:$AB$33, MATCH(W91/$AH91, F!$O$21:$O$33,1), MATCH(E91, F!$P$20:$AB$20,1)),0) + IFERROR( AC91*INDEX(F!$P$21:$AB$33, MATCH(AA91/$AH91, F!$O$21:$O$33,1), MATCH(E91, F!$P$20:$AB$20,1)),)} -> 0
B92: =IF(B36="","",B36) | C92: =IF(C36="","",C36) | D92: =IF(D36="","",D36) | E92: =IF(E36="","",E36) | F92: =IF(F36="","",F36) | G92: =IF(J92<>0, IFERROR(IF( $F92=2, MROUND($AH92*J92,1), IF( OR($F92="",$F92=1), MROUND($AH92*J92,2.5), MROUND($AH92*J92, 0.1))), "" ), "") | K92: =IF(N92<>0, IFERROR(IF( $F92=2, MROUND($AH92*N92,1), IF( OR($F92="",$F92=1), MROUND($AH92*N92,2.5), MROUND($AH92*N92, 0.1))), "" ), "") | O92: =IF(R92<>0, IFERROR(IF( $F92=2, MROUND($AH92*R92,1), IF( OR($F92="",$F92=1), MROUND($AH92*R92,2.5), MROUND($AH92*R92, 0.1))), "" ), "") | S92: =IF(V92<>0, IFERROR(IF( $F92=2, MROUND($AH92*V92,1), IF( OR($F92="",$F92=1), MROUND($AH92*V92,2.5), MROUND($AH92*V92, 0.1))), "" ), "") | W92: =IF(Z92<>0, IFERROR(IF( $F92=2, MROUND($AH92*Z92,1), IF( OR($F92="",$F92=1), MROUND($AH92*Z92,2.5), MROUND($AH92*Z92, 0.1))), "" ), "") | AA92: =IF(AD92<>0, IFERROR(IF( $F92=2, MROUND($AH92*AD92,1), IF( OR($F92="",$F92=1), MROUND($AH92*AD92,2.5), MROUND($AH92*AD92, 0.1))), "" ), "") | AE92: =(IF(ISNUMBER(G92),G92,0)*H92*I92+IF(ISNUMBER(K92),K92,1)*L92*M92+IF(ISNUMBER(O92),O92,1)*P92*Q92+IF(ISNUMBER(S92),S92,1)*T92*U92+IF(ISNUMBER(W92),W92,1)*X92*Y92+IF(ISNUMBER(AA92),AA92,1)*AB92*AC92)*IF(ISNUMBER(F92),F92,1) -> 0 | AF92: =IFERROR(AE92/AJ92,0) -> 0 | AG92: =IFERROR((AF92/(AH92*IF(ISNUMBER(F92),F92,1))),0) -> 0 | AH92: =IF(ISNUMBER(AH36), AH36+(AH36*$AH$58),"") | AI92: =( IF(ISNUMBER(G92), VLOOKUP(G92/$AH92,F!$A1:$B101,2,1)*G92*$H92*$I92,0)+IF(ISNUMBER(K92), VLOOKUP(K92/$AH92,F!$A1:$B101,2,1)*K92*$L92*$M92,0)+IF(ISNUMBER(O92), VLOOKUP(O92/$AH92,F!$A1:$B101,2,1)*O92*$P92*$Q92,0)+IF(ISNUMBER(S92), VLOOKUP(S92/$AH92,F!$A1:$B101,2,1)*S92*$T92*$U92,0)+IF(ISNUMBER(W92), VLOOKUP(W92/$AH92,F!$A1:$B101,2,1)*W92*$X92*$Y92,0)+IF(ISNUMBER(AA92), VLOOKUP(AA92/$AH92,F!$A1:$B101,2,1)*AA92*$AB92*$AC92,0))*IF(ISNUMBER(F92),F92,1)*IF(ISNUMBER(E92),E92,1) -> 0 | AJ92: =H92*I92+L92*M92+P92*Q92+T92*U92+X92*Y92+AB92*AC92 -> 0 | AK92: {=IFERROR(I92*INDEX(F!$P$21:$AB$33, MATCH(G92/$AH92, F!$O$21:$O$33,1), MATCH(E92, F!$P$20:$AB$20,1)), 0 ) +IFERROR( M92*INDEX(F!$P$21:$AB$33, MATCH(K92/$AH92, F!$O$21:$O$33,1), MATCH(E92, F!$P$20:$AB$20,1)),0) + IFERROR( Q92*INDEX(F!$P$21:$AB$33, MATCH(O92/$AH92, F!$O$21:$O$33,1), MATCH(E92, F!$P$20:$AB$20,1)), 0) + IFERROR( U92*INDEX(F!$P$21:$AB$33, MATCH(S92/$AH92, F!$O$21:$O$33,1), MATCH(E92, F!$P$20:$AB$20,1)),0) + IFERROR(Y92*INDEX(F!$P$21:$AB$33, MATCH(W92/$AH92, F!$O$21:$O$33,1), MATCH(E92, F!$P$20:$AB$20,1)),0) + IFERROR( AC92*INDEX(F!$P$21:$AB$33, MATCH(AA92/$AH92, F!$O$21:$O$33,1), MATCH(E92, F!$P$20:$AB$20,1)),)} -> 0
